timestamp,PV.DC Power,BESS.DC Power,Battery Group 1.DC Power,Battery Group 2.DC Power,Battery Group 3.DC Power,Battery Group 4.DC Power,Inverter.Active Power,L2 7650 Meter.Active Power,OASIS POI.Active Power
="2015-01-01 00:00:00",13.4,-0.5,-0.5,0.0,0.0,-0.0,12.7,,0.4
="2015-01-02 00:00:00",1.9,-1.7,-0.1,-0.6,-0.4,-0.4,-0.1,,-12.3
="2015-01-03 00:00:00",0.0,0.0,0.0,0.0,0.0,0.0,0.0,,-11.0
="2015-01-04 00:00:00",0.0,0.0,0.0,0.0,0.0,0.0,0.0,,-10.9
="2015-01-05 00:00:00",1.5,-0.7,-0.0,0.0,-0.3,-0.3,0.6,,-10.8
="2015-01-06 00:00:00",0.0,0.2,0.1,-0.0,0.1,0.1,-0.5,,-11.8
="2015-01-07 00:00:00",4.0,-0.0,-0.0,-0.0,-0.0,-0.0,3.6,,-7.3
="2015-01-08 00:00:00",5.4,-3.9,-0.6,-1.3,-1.0,-1.0,1.3,,-10.7
="2015-01-09 00:00:00",6.4,-0.1,-0.0,-0.1,-0.0,-0.0,5.9,,-5.4
="2015-01-10 00:00:00",0.0,0.0,0.0,0.0,0.0,0.0,0.0,,-9.9
="2015-01-11 00:00:00",0.0,0.0,0.0,0.0,0.0,0.0,0.0,,-9.2
="2015-01-12 00:00:00",3.4,-1.9,-0.2,-0.6,-0.5,-0.6,1.2,,-9.4
="2015-01-13 00:00:00",7.7,-0.4,0.0,-0.1,-0.1,-0.1,7.1,,-3.1
="2015-01-14 00:00:00",15.3,-0.5,-0.0,-0.2,-0.2,-0.1,14.4,,2.0
="2015-01-15 00:00:00",2.3,-1.9,-0.5,-0.4,-0.3,-0.5,-0.6,,-13.7
="2015-01-16 00:00:00",11.9,-2.1,-0.1,-0.7,-0.6,-0.6,8.4,,-3.4
="2015-01-17 00:00:00",0.0,0.0,0.0,0.0,0.0,0.0,0.0,,-10.0
="2015-01-18 00:00:00",0.0,0.0,0.0,0.0,0.0,0.0,0.0,,-9.3
="2015-01-19 00:00:00",20.6,-1.6,-0.3,-0.5,-0.4,-0.3,18.6,,7.7
="2015-01-20 00:00:00",17.7,-1.0,0.0,-0.4,-0.4,-0.3,16.2,,4.7
="2015-01-21 00:00:00",1.8,-0.0,-0.0,-0.0,-0.0,-0.0,1.7,,-9.3
="2015-01-22 00:00:00",0.5,-2.3,-0.5,-0.7,-0.4,-0.6,-2.4,,-13.5
="2015-01-23 00:00:00",-0.0,-2.0,-0.2,-0.5,-0.6,-0.5,-3.3,,-15.5
="2015-01-24 00:00:00",0.0,-0.2,-0.0,-0.1,-0.1,-0.1,-0.2,,-11.4
="2015-01-25 00:00:00",0.0,0.0,0.0,0.0,0.0,0.0,0.0,,-7.9
="2015-01-26 00:00:00",13.8,-2.0,-0.2,-0.6,-0.6,-0.5,11.2,,0.1
="2015-01-27 00:00:00",1.7,-2.1,-0.3,-0.6,-0.6,-0.5,-1.2,,-11.7
="2015-01-28 00:00:00",11.6,-2.3,-0.1,-0.7,-0.7,-0.7,8.5,,-3.8
="2015-01-29 00:00:00",19.9,-2.8,-0.5,-0.9,-0.6,-0.6,15.3,,0.3
="2015-01-30 00:00:00",20.0,-3.0,-0.3,-0.9,-0.8,-0.8,15.7,,2.9
="2015-01-31 00:00:00",0.0,0.0,0.0,0.0,0.0,0.0,0.0,,-9.8
="2015-02-01 00:00:00",0.0,0.0,0.0,0.0,0.0,0.0,0.0,,-9.4
="2015-02-02 00:00:00",5.0,0.0,-0.0,0.0,0.0,0.0,3.9,,-7.6
="2015-02-03 00:00:00",3.7,-0.0,-0.0,0.0,0.0,0.0,2.5,,-9.3
="2015-02-04 00:00:00",6.2,-0.0,-0.0,-0.0,-0.0,0.0,5.1,,-7.5
="2015-02-05 00:00:00",0.8,-7.8,-1.1,-2.2,-2.2,-2.2,-8.4,,-20.7
="2015-02-06 00:00:00",2.2,-2.9,-0.0,-1.3,-0.8,-0.7,-1.4,,-12.0
="2015-02-07 00:00:00",-0.1,-3.3,-0.6,-1.0,-0.8,-0.8,-5.5,,-19.0
="2015-02-08 00:00:00",11.2,-2.8,-0.2,-0.8,-0.8,-0.8,6.4,,-6.9
="2015-02-09 00:00:00",-0.1,-3.1,-0.5,-0.8,-0.8,-0.8,-5.3,,-18.8
="2015-02-10 00:00:00",4.9,-3.6,-0.4,-1.1,-1.0,-1.0,0.3,,-13.1
="2015-02-11 00:00:00",10.0,-0.9,-0.0,-0.4,-0.1,-0.3,8.6,,-4.4
="2015-02-12 00:00:00",3.2,-0.8,-0.0,-0.4,-0.3,-0.1,2.1,,-8.2
="2015-02-13 00:00:00",8.9,-1.7,-0.3,-0.5,-0.5,-0.4,6.9,,-3.1
="2015-02-14 00:00:00",0.0,0.0,0.0,0.0,0.0,0.0,0.0,,-10.3
="2015-02-15 00:00:00",0.0,0.0,0.0,0.0,0.0,0.0,0.0,,-8.8
="2015-02-16 00:00:00",20.4,0.0,0.0,0.0,0.0,-0.0,20.0,,8.9
="2015-02-17 00:00:00",20.2,0.0,0.0,-0.0,-0.0,-0.0,19.8,,66.6
="2015-02-18 00:00:00",16.4,-0.0,-0.0,-0.0,-0.0,-0.0,16.1,,60.4
="2015-02-19 00:00:00",10.6,-0.0,-0.0,-0.0,0.0,-0.0,10.3,,0.5
="2015-02-20 00:00:00",0.0,0.0,0.0,0.0,0.0,0.0,0.0,,-9.5
="2015-02-21 00:00:00",0.0,0.0,0.0,0.0,0.0,0.0,0.0,,-9.9
="2015-02-22 00:00:00",0.0,0.0,0.0,0.0,0.0,0.0,0.0,,-11.2
="2015-02-23 00:00:00",33.1,-0.0,-0.0,-0.0,-0.0,-0.0,32.4,,21.5
="2015-02-24 00:00:00",22.4,-7.3,-1.3,-2.1,-1.9,-2.0,14.9,,2.7
="2015-02-25 00:00:00",8.1,-0.9,0.0,-0.5,-0.1,-0.3,6.9,,-6.2
="2015-02-26 00:00:00",12.9,-1.2,-0.2,-0.3,-0.3,-0.3,11.5,,0.8
="2015-02-27 00:00:00",25.9,-0.8,0.0,-0.2,-0.5,-0.2,24.6,,13.8
="2015-02-28 00:00:00",0.0,0.0,0.0,0.0,0.0,0.0,0.0,,-9.7
="2015-03-01 00:00:00",0.0,0.0,0.0,0.0,0.0,0.0,0.0,,-10.1
="2015-03-02 00:00:00",36.9,-1.5,-0.5,-0.4,0.0,-0.6,34.7,,22.7
="2015-03-03 00:00:00",34.4,-1.5,0.0,-0.5,-0.6,-0.4,32.2,,20.6
="2015-03-04 00:00:00",3.8,-0.1,-0.0,0.0,0.0,-0.1,3.6,,-6.8
="2015-03-05 00:00:00",30.5,-1.5,-0.5,-0.5,-0.5,-0.0,28.5,,17.2
="2015-03-06 00:00:00",22.0,-0.9,-0.0,-0.4,0.0,-0.5,20.8,,9.6
="2015-03-07 00:00:00",0.0,0.0,0.0,0.0,0.0,0.0,0.0,,-9.9
="2015-03-08 00:00:00",0.0,0.0,0.0,0.0,0.0,0.0,0.0,,-9.3
="2015-03-09 01:00:00",39.3,-1.8,-0.2,-0.5,-0.6,-0.4,36.7,,26.0
="2015-03-10 01:00:00",28.8,-2.6,-0.5,-0.7,-0.7,-0.6,25.8,,14.0
="2015-03-11 01:00:00",0.7,-4.4,-0.4,-1.7,-1.3,-0.9,-4.2,,-14.6
="2015-03-12 01:00:00",19.3,-3.5,-0.6,-1.1,-0.9,-0.8,15.3,,6.2
="2015-03-13 01:00:00",25.8,-2.1,-0.3,-1.1,-0.5,-0.2,23.5,,15.3
="2015-03-14 01:00:00",0.0,0.0,0.0,0.0,0.0,0.0,0.0,,-7.3
="2015-03-15 01:00:00",0.0,0.0,0.0,0.0,0.0,0.0,0.0,,-7.6
="2015-03-16 01:00:00",35.5,-1.8,0.0,-0.7,-0.5,-0.7,33.5,,23.2
="2015-03-17 01:00:00",31.3,-1.4,-0.4,-0.4,-0.2,-0.4,29.6,,20.2
="2015-03-18 01:00:00",12.4,-1.1,1.3,-0.7,-0.7,-0.4,10.9,,1.2
="2015-03-19 01:00:00",6.2,-4.9,-2.1,-1.2,-0.8,-0.6,1.1,,-9.4
="2015-03-20 01:00:00",4.4,-2.6,-0.3,-1.0,-0.7,-0.5,1.4,,-8.2
="2015-03-21 01:00:00",0.0,0.0,0.0,0.0,0.0,0.0,0.0,,-7.3
="2015-03-22 01:00:00",0.0,0.0,0.0,0.0,0.0,0.0,0.0,,-8.2
="2015-03-23 01:00:00",15.5,-3.5,-0.5,-1.4,-0.8,-0.6,12.0,,0.0
="2015-03-24 01:00:00",26.2,-4.7,-0.5,-1.6,-1.2,-1.1,20.9,,7.2
="2015-03-25 01:00:00",-0.1,0.6,0.5,-0.3,0.1,0.4,-0.3,,-12.0
="2015-03-26 01:00:00",21.6,-10.0,-1.8,-3.2,-2.5,-2.3,11.4,,-0.3
="2015-03-27 01:00:00",12.9,-3.5,-0.5,-1.5,-0.7,-0.7,9.2,,0.1
="2015-03-28 01:00:00",0.0,0.0,0.0,0.0,0.0,0.0,0.0,,-6.4
="2015-03-29 01:00:00",0.0,0.0,0.0,0.0,0.0,0.0,0.0,,-7.5
="2015-03-30 01:00:00",9.8,0.3,0.4,0.0,-0.2,0.2,9.9,,-1.8
="2015-03-31 01:00:00",46.4,-7.6,-1.5,-2.4,-1.8,-1.6,38.1,,25.7
="2015-04-01 01:00:00",38.6,-5.6,-0.8,-1.8,-1.3,-1.4,32.3,,19.0
="2015-04-02 01:00:00",25.1,-4.6,-0.7,-1.8,-1.0,-0.9,19.7,,5.1
="2015-04-03 01:00:00",7.2,-1.1,0.2,-0.8,-0.4,-0.0,5.3,,-4.6
="2015-04-04 01:00:00",14.7,-3.6,-0.4,-1.3,-0.9,-0.8,10.3,,0.4
="2015-04-05 01:00:00",16.4,-5.3,-0.8,-2.1,-1.1,-1.1,10.4,,0.4
="2015-04-06 01:00:00",15.5,-4.5,-0.6,-1.6,-1.0,-1.0,10.3,,0.4
="2015-04-07 01:00:00",43.8,-7.4,-1.4,-2.3,-1.8,-1.7,35.6,,24.4
="2015-04-08 01:00:00",43.4,-5.7,-0.9,-2.0,-1.3,-1.2,37.2,,23.4
="2015-04-09 01:00:00",45.9,-3.1,-0.2,-1.2,-0.9,-0.5,41.9,,29.3
="2015-04-10 01:00:00",11.3,-4.9,-0.8,-1.6,-1.2,-1.1,5.8,,-6.5
="2015-04-11 01:00:00",36.2,-0.8,0.3,-0.7,-0.1,-0.0,34.6,,22.4
="2015-04-12 01:00:00",23.8,-1.5,-0.3,-0.3,-0.3,-0.3,21.6,,10.0
="2015-04-13 01:00:00",5.9,-11.7,-1.9,-4.4,-2.6,-2.6,-6.2,,-17.2
="2015-04-14 01:00:00",53.5,-4.9,-0.7,-1.4,-1.3,-1.1,47.5,,34.6
="2015-04-15 01:00:00",28.0,-3.8,-0.5,-1.3,-1.0,-0.8,23.2,,11.3
="2015-04-16 01:00:00",49.4,-5.3,-0.8,-2.1,-1.2,-0.9,43.1,,31.3
="2015-04-17 01:00:00",48.5,-3.7,-0.5,-1.3,-0.9,-0.8,43.9,,32.8
="2015-04-18 01:00:00",46.5,-1.7,-0.2,-0.6,-0.5,-0.4,43.8,,33.2
="2015-04-19 01:00:00",45.6,-5.0,-0.8,-1.7,-1.2,-1.0,40.1,,29.5
="2015-04-20 01:00:00",38.0,-7.0,-1.3,-2.2,-1.7,-1.6,30.8,,21.7
="2015-04-21 01:00:00",29.7,-3.7,-0.4,-1.6,-1.0,-0.7,26.1,,17.1
="2015-04-22 01:00:00",36.9,-2.5,-0.3,-1.2,-0.5,-0.3,34.3,,25.7
="2015-04-23 01:00:00",7.9,-2.8,-0.6,-0.7,-0.5,-0.7,5.1,,-2.7
="2015-04-24 01:00:00",15.9,-0.9,-0.1,-0.4,-0.3,-0.1,15.0,,7.1
="2015-04-25 01:00:00",0.0,0.0,0.0,0.0,0.0,0.0,0.0,,-6.0
="2015-04-26 01:00:00",0.0,0.0,0.0,0.0,0.0,0.0,0.0,,-6.3
="2015-04-27 01:00:00",21.8,-2.1,-0.3,-0.6,-0.6,-0.6,19.7,,11.1
="2015-04-28 01:00:00",18.3,-2.3,-0.4,-0.8,-0.4,-0.5,16.2,,8.1
="2015-04-29 01:00:00",27.8,-1.2,-0.1,-0.5,-0.3,-0.2,26.5,,18.1
="2015-04-30 01:00:00",15.6,-1.9,-0.4,-0.6,-0.5,-0.4,13.9,,5.7
="2015-05-01 01:00:00",29.3,-2.0,-0.3,-0.6,-0.4,-0.4,27.3,,18.0
="2015-05-02 01:00:00",0.0,0.0,0.0,0.0,0.0,0.0,0.0,,-6.2
="2015-05-03 01:00:00",0.0,0.0,0.0,0.0,0.0,0.0,0.0,,-6.3
="2015-05-04 01:00:00",32.3,-2.0,-0.2,-0.7,-0.6,-0.4,30.2,,20.9
="2015-05-05 01:00:00",32.6,-2.9,-0.4,-1.1,-0.7,-0.6,29.7,,20.4
="2015-05-06 01:00:00",44.4,-3.9,-0.8,-1.0,-0.9,-0.9,40.1,,30.8
="2015-05-07 01:00:00",41.2,-1.8,-0.1,-0.9,-0.4,-0.3,39.2,,31.4
="2015-05-08 01:00:00",39.6,-2.0,-0.3,-0.6,-0.6,-0.4,37.5,,29.3
="2015-05-09 01:00:00",0.0,0.0,0.0,0.0,0.0,0.0,0.0,,-7.2
="2015-05-10 01:00:00",0.0,0.0,0.0,0.0,0.0,0.0,0.0,,-6.7
="2015-05-11 01:00:00",25.0,-2.6,-0.4,-0.7,-0.7,-0.6,22.6,,13.5
="2015-05-12 01:00:00",19.1,-1.5,-0.4,-0.5,-0.3,-0.2,17.7,,10.1
="2015-05-13 01:00:00",8.1,-1.0,-0.2,-0.2,-0.2,-0.2,7.0,,-0.5
="2015-05-14 01:00:00",36.8,0.3,0.2,-0.1,0.1,0.1,36.1,,27.3
="2015-05-15 01:00:00",14.2,0.5,0.1,0.2,0.2,0.1,14.3,,7.1
="2015-05-16 01:00:00",0.0,0.0,0.0,0.0,0.0,0.0,0.0,,-6.4
="2015-05-17 01:00:00",0.0,0.0,0.0,0.0,0.0,0.0,0.0,,-7.7
="2015-05-18 01:00:00",0.0,0.0,0.0,0.0,0.0,0.0,0.0,,-7.9
="2015-05-19 01:00:00",45.2,-3.6,-0.7,-1.1,-0.9,-0.9,40.7,,30.9
="2015-05-20 01:00:00",56.2,-0.4,0.1,-0.2,0.0,-0.2,53.7,,43.0
="2015-05-21 01:00:00",53.9,-2.6,-0.5,-0.7,-0.6,-0.6,49.2,,38.3
="2015-05-22 01:00:00",36.3,-1.5,0.1,-0.9,-0.3,-0.3,33.4,,23.3
="2015-05-23 01:00:00",25.3,-0.6,0.0,-0.2,-0.0,-0.1,22.4,,10.6
="2015-05-24 01:00:00",16.2,-3.5,-0.4,-1.3,-0.7,-0.8,10.9,,-0.2
="2015-05-25 01:00:00",9.7,-2.5,-0.6,-0.6,-0.6,-0.6,6.0,,-3.9
="2015-05-26 01:00:00",21.0,-3.7,-0.8,-0.9,-0.9,-0.9,17.0,,7.1
="2015-05-27 01:00:00",23.5,0.9,0.3,0.3,0.3,0.3,23.9,,13.9
="2015-05-28 01:00:00",13.5,2.8,0.7,0.7,0.7,0.7,20.4,,9.5
="2015-05-29 01:00:00",47.8,-4.7,-1.1,-1.2,-1.1,-1.1,42.3,,32.9
="2015-05-30 01:00:00",0.0,0.0,0.0,0.0,0.0,0.0,0.0,,-7.0
="2015-05-31 01:00:00",,,,,,,,,
="2015-06-01 01:00:00",31.0,10.1,2.7,2.5,2.6,2.6,40.3,,31.0
="2015-06-02 01:00:00",5.7,-10.5,-2.6,-2.6,-2.6,-2.6,-4.5,,-11.6
="2015-06-03 01:00:00",21.1,-2.7,-0.5,-0.8,-0.7,-0.5,17.9,,9.4
="2015-06-04 01:00:00",37.1,-1.4,-0.3,-0.5,-0.4,-0.0,35.2,,26.8
="2015-06-05 01:00:00",50.5,-1.0,0.1,-0.4,-0.3,-0.3,48.6,,39.0
="2015-06-06 01:00:00",0.0,0.0,0.0,0.0,0.0,0.0,0.0,,-7.2
="2015-06-07 01:00:00",0.0,0.0,0.0,0.0,0.0,0.0,0.0,,-7.8
="2015-06-08 01:00:00",47.6,7.8,2.0,2.0,1.9,2.0,54.1,,43.5
="2015-06-09 01:00:00",53.8,-4.1,-1.0,-1.0,-1.0,-1.0,49.1,,39.9
="2015-06-10 01:00:00",48.3,-4.1,-0.9,-1.2,-1.0,-0.9,43.7,,34.8
="2015-06-11 01:00:00",51.2,-3.7,-0.8,-1.0,-0.9,-0.9,46.9,,37.5
="2015-06-12 01:00:00",24.8,-1.3,-0.2,-0.4,-0.4,-0.3,23.2,,15.5
="2015-06-13 01:00:00",0.0,0.0,0.0,0.0,0.0,0.0,0.0,,-6.3
="2015-06-14 01:00:00",0.0,0.0,0.0,0.0,0.0,0.0,0.0,,-6.6
="2015-06-15 01:00:00",49.6,-1.4,-0.3,-0.7,-0.4,0.1,47.2,,38.4
="2015-06-16 01:00:00",37.9,-1.6,-0.3,-0.3,-0.4,-0.5,35.7,,26.7
="2015-06-17 01:00:00",16.5,4.0,1.0,1.0,1.0,1.0,19.9,,11.4
="2015-06-18 01:00:00",31.3,-6.0,-1.4,-1.4,-1.4,-1.4,25.1,,15.7
="2015-06-19 01:00:00",27.8,-2.2,-0.3,-0.7,-0.6,-0.2,25.2,,15.6
="2015-06-20 01:00:00",0.0,0.0,0.0,0.0,0.0,0.0,0.0,,-8.4
="2015-06-21 01:00:00",9.6,-4.8,-0.9,-1.5,-1.5,-0.8,4.5,,-3.5
="2015-06-22 01:00:00",70.3,1.1,0.5,0.2,0.3,0.3,70.3,,60.3
="2015-06-23 01:00:00",24.7,1.0,0.3,0.3,0.3,0.3,25.4,,17.5
="2015-06-24 01:00:00",0.0,0.0,0.0,0.0,0.0,0.0,0.0,,-6.9
="2015-06-25 01:00:00",0.0,0.0,0.0,0.0,0.0,0.0,0.0,,-8.0
="2015-06-26 01:00:00",0.0,0.0,0.0,0.0,0.0,0.0,0.0,,-6.7
="2015-06-27 01:00:00",,,,,,,,,
="2015-06-28 01:00:00",,,,,,,,,
="2015-06-29 01:00:00",,,,,,,,,
="2015-06-30 01:00:00",,,,,,,,,
="2015-07-01 01:00:00",,,,,,,,,
="2015-07-02 01:00:00",,,,,,,,,
="2015-07-03 01:00:00",,,,,,,,,
="2015-07-04 01:00:00",,,,,,,,,
="2015-07-05 01:00:00",,,,,,,,,
="2015-07-06 01:00:00",,,,,,,,,
="2015-07-07 01:00:00",,,,,,,,,
="2015-07-08 01:00:00",0.7,0.1,0.0,0.0,0.0,0.0,0.7,,-7.0
="2015-07-09 01:00:00",0.0,0.0,0.0,0.0,0.0,0.0,0.0,,-7.2
="2015-07-10 01:00:00",0.0,0.0,0.0,0.0,0.0,0.0,0.0,,-7.4
="2015-07-11 01:00:00",0.0,0.0,0.0,0.0,0.0,0.0,0.0,,-6.8
="2015-07-12 01:00:00",0.0,0.0,0.0,0.0,0.0,0.0,0.0,,-6.9
="2015-07-13 01:00:00",0.0,0.0,0.0,0.0,0.0,0.0,0.0,,-7.0
="2015-07-14 01:00:00",0.0,0.0,0.0,0.0,0.0,0.0,0.0,,-7.4
="2015-07-15 01:00:00",0.0,0.0,0.0,0.0,0.0,0.0,0.0,,-7.0
="2015-07-16 01:00:00",0.7,-0.0,-0.0,-0.0,-0.0,-0.0,0.7,,-6.5
="2015-07-17 01:00:00",40.7,-2.4,-0.5,-0.7,-0.6,-0.5,37.8,,30.0
="2015-07-18 01:00:00",0.0,0.0,0.0,0.0,0.0,0.0,0.0,,-7.6
="2015-07-19 01:00:00",0.0,0.0,0.0,0.0,0.0,0.0,0.0,,-6.8
="2015-07-20 01:00:00",1.4,3.6,0.9,0.9,0.9,0.9,4.8,,-1.9
="2015-07-21 01:00:00",20.6,-4.5,-1.1,-1.1,-1.1,-1.1,16.2,,7.7
="2015-07-22 01:00:00",22.4,-4.7,-0.9,-1.4,-1.2,-1.0,17.8,,8.9
="2015-07-23 01:00:00",0.0,0.0,0.0,0.0,0.0,0.0,0.0,,-6.1
="2015-07-24 01:00:00",0.0,0.0,0.0,0.0,0.0,0.0,0.0,,-6.0
="2015-07-25 01:00:00",0.0,0.0,0.0,0.0,0.0,0.0,0.0,,-6.7
="2015-07-26 01:00:00",0.0,0.0,0.0,0.0,0.0,0.0,0.0,,-6.7
="2015-07-27 01:00:00",0.0,0.0,0.0,0.0,0.0,0.0,0.0,,-7.7
="2015-07-28 01:00:00",0.0,0.0,0.0,0.0,0.0,0.0,0.0,,-7.8
="2015-07-29 01:00:00",0.0,0.0,0.0,0.0,0.0,0.0,0.0,,-8.3
="2015-07-30 01:00:00",44.7,-5.9,-0.2,-1.4,-1.5,-1.0,38.4,,27.7
="2015-07-31 01:00:00",54.9,8.9,2.1,2.1,2.4,2.4,62.4,,51.6
="2015-08-01 01:00:00",0.0,0.0,0.0,0.0,0.0,0.0,0.0,,-6.3
="2015-08-02 01:00:00",0.0,0.0,0.0,0.0,0.0,0.0,0.0,,-7.2
="2015-08-03 01:00:00",0.0,0.0,0.0,0.0,0.0,0.0,0.0,,-6.1
="2015-08-04 01:00:00",0.0,0.0,0.0,0.0,0.0,0.0,0.0,,-6.3
="2015-08-05 01:00:00",0.0,0.0,0.0,0.0,0.0,0.0,0.0,,-6.1
="2015-08-06 01:00:00",17.3,-2.4,-0.5,-0.5,-0.5,-0.5,14.7,,7.2
="2015-08-07 01:00:00",18.2,-4.5,-0.9,-1.2,-1.1,-1.0,13.3,,4.6
="2015-08-08 01:00:00",0.0,0.0,0.0,0.0,0.0,0.0,0.0,,-6.5
="2015-08-09 01:00:00",0.0,0.0,0.0,0.0,0.0,0.0,0.0,,-6.9
="2015-08-10 01:00:00",0.0,0.0,0.0,0.0,0.0,0.0,0.0,,-8.0
="2015-08-11 01:00:00",0.0,0.0,0.0,0.0,0.0,0.0,0.0,,-8.0
="2015-08-12 01:00:00",0.0,0.0,0.0,0.0,0.0,0.0,0.0,,-8.1
="2015-08-13 01:00:00",0.0,0.0,0.0,0.0,0.0,0.0,0.0,,-6.6
="2015-08-14 01:00:00",0.0,0.0,0.0,0.0,0.0,0.0,0.0,,-5.8
="2015-08-15 01:00:00",0.0,0.0,0.0,0.0,0.0,0.0,0.0,,-5.6
="2015-08-16 01:00:00",0.0,0.0,0.0,0.0,0.0,0.0,0.0,,-5.6
="2015-08-17 01:00:00",0.0,0.0,0.0,0.0,0.0,0.0,0.0,,-5.6
="2015-08-18 01:00:00",0.0,0.0,0.0,0.0,0.0,0.0,0.0,,-5.6
="2015-08-19 01:00:00",0.0,0.0,0.0,0.0,0.0,0.0,0.0,,-5.6
="2015-08-20 01:00:00",0.0,0.0,0.0,0.0,0.0,0.0,0.0,,-6.0
="2015-08-21 01:00:00",0.0,0.0,0.0,0.0,0.0,0.0,0.0,,-8.5
="2015-08-22 01:00:00",0.0,0.0,0.0,0.0,0.0,0.0,0.0,,-6.6
="2015-08-23 01:00:00",0.0,0.0,0.0,0.0,0.0,0.0,0.0,,-6.7
="2015-08-24 01:00:00",0.0,0.0,0.0,0.0,0.0,0.0,0.0,,-6.4
="2015-08-25 01:00:00",0.0,0.0,0.0,0.0,0.0,0.0,0.0,,-6.9
="2015-08-26 01:00:00",0.0,0.0,0.0,0.0,0.0,0.0,0.0,,-7.5
="2015-08-27 01:00:00",2.6,-0.1,-0.0,-0.0,-0.0,-0.0,2.4,,-4.2
="2015-08-28 01:00:00",0.0,0.0,0.0,0.0,0.0,0.0,0.0,,-5.8
="2015-08-29 01:00:00",,,,,,,,,
="2015-08-30 01:00:00",,,,,,,,,
="2015-08-31 01:00:00",0.0,0.0,0.0,0.0,0.0,0.0,0.0,,-5.8
="2015-09-01 01:00:00",0.0,0.0,0.0,0.0,0.0,0.0,0.0,,-5.8
="2015-09-02 01:00:00",0.0,0.0,0.0,0.0,0.0,0.0,0.0,,-6.1
="2015-09-03 01:00:00",0.0,0.0,0.0,0.0,0.0,0.0,0.0,,-6.0
="2015-09-04 01:00:00",0.0,0.0,0.0,0.0,0.0,0.0,0.0,,-5.9
="2015-09-05 01:00:00",0.0,0.0,0.0,0.0,0.0,0.0,0.0,,-6.0
="2015-09-06 01:00:00",0.0,0.0,0.0,0.0,0.0,0.0,0.0,,-5.9
="2015-09-07 01:00:00",0.0,0.0,0.0,0.0,0.0,0.0,0.0,,-6.0
="2015-09-08 01:00:00",0.0,0.0,0.0,0.0,0.0,0.0,0.0,,-6.4
="2015-09-09 01:00:00",0.0,0.0,0.0,0.0,0.0,0.0,0.0,,-6.6
="2015-09-10 01:00:00",0.0,0.0,0.0,0.0,0.0,0.0,0.0,,-6.8
="2015-09-11 01:00:00",0.0,0.0,0.0,0.0,0.0,0.0,0.0,,-7.4
="2015-09-12 01:00:00",0.0,0.0,0.0,0.0,0.0,0.0,0.0,,-6.7
="2015-09-13 01:00:00",0.0,0.0,0.0,0.0,0.0,0.0,0.0,,-5.2
="2015-09-14 01:00:00",0.0,0.0,0.0,0.0,0.0,0.0,0.0,,-6.5
="2015-09-15 01:00:00",0.0,0.0,0.0,0.0,0.0,0.0,0.0,,-6.7
="2015-09-16 01:00:00",0.0,0.0,0.0,0.0,0.0,0.0,0.0,,-6.3
="2015-09-17 01:00:00",0.1,0.0,0.0,0.0,0.0,0.0,0.1,,-7.3
="2015-09-18 01:00:00",1.8,-1.0,-0.2,-0.2,-0.2,-0.2,0.8,,-6.6
="2015-09-19 01:00:00",0.0,0.0,0.0,0.0,0.0,0.0,0.0,,-5.9
="2015-09-20 01:00:00",0.0,0.0,0.0,0.0,0.0,0.0,0.0,,-7.2
="2015-09-21 01:00:00",16.1,-3.9,-0.9,-0.9,-0.9,-1.1,11.9,,4.6
="2015-09-22 01:00:00",40.8,-7.4,-1.5,-2.3,-2.1,-1.4,32.6,,24.2
="2015-09-23 01:00:00",22.6,4.9,1.3,1.2,1.3,1.3,26.2,,16.6
="2015-09-24 01:00:00",0.0,0.0,0.0,0.0,0.0,0.0,0.0,,-6.1
="2015-09-25 01:00:00",11.6,-8.6,-2.0,-2.2,-2.2,-2.0,3.2,,-3.9
="2015-09-26 01:00:00",0.0,0.0,0.0,0.0,0.0,0.0,0.0,,-7.5
="2015-09-27 01:00:00",0.0,0.0,0.0,0.0,0.0,0.0,0.0,,-7.5
="2015-09-28 01:00:00",0.0,0.0,0.0,0.0,0.0,0.0,0.0,,-7.4
="2015-09-29 01:00:00",39.7,-2.7,-0.1,-1.2,-0.9,-0.5,35.8,,26.6
="2015-09-30 01:00:00",38.8,-3.0,-0.5,-1.1,-0.9,-0.4,33.7,,22.3
="2015-10-01 01:00:00",10.6,0.9,0.6,0.2,0.2,0.6,9.5,,0.0
="2015-10-02 01:00:00",0.0,0.0,0.0,0.0,0.0,0.0,0.0,,-8.0
="2015-10-03 01:00:00",0.0,0.0,0.0,0.0,0.0,0.0,0.0,,-6.5
="2015-10-04 01:00:00",0.0,0.0,0.0,0.0,0.0,0.0,0.0,,-5.9
="2015-10-05 01:00:00",0.0,0.0,0.0,0.0,0.0,0.0,0.0,,-6.7
="2015-10-06 01:00:00",0.0,0.0,0.0,0.0,0.0,0.0,0.0,,-6.6
="2015-10-07 01:00:00",0.0,0.0,0.0,0.0,0.0,0.0,0.0,,-6.8
="2015-10-08 01:00:00",0.0,0.0,0.0,0.0,0.0,0.0,0.0,,-7.2
="2015-10-09 01:00:00",0.0,0.0,0.0,0.0,0.0,0.0,0.0,,-8.4
="2015-10-10 01:00:00",0.0,0.0,0.0,0.0,0.0,0.0,0.0,,-6.4
="2015-10-11 01:00:00",0.0,0.0,0.0,0.0,0.0,0.0,0.0,,-5.9
="2015-10-12 01:00:00",0.0,0.0,0.0,0.0,0.0,0.0,0.0,,-6.1
="2015-10-13 01:00:00",0.0,0.0,0.0,0.0,0.0,0.0,0.0,,-7.0
="2015-10-14 01:00:00",0.0,0.0,0.0,0.0,0.0,0.0,0.0,,-7.8
="2015-10-15 01:00:00",21.1,-7.6,-1.9,-1.9,-1.9,-1.8,13.5,,5.9
="2015-10-16 01:00:00",0.0,0.0,0.0,0.0,0.0,0.0,0.0,,-6.4
="2015-10-17 01:00:00",0.0,0.0,0.0,0.0,0.0,0.0,0.0,,-9.3
="2015-10-18 01:00:00",0.0,0.0,0.0,0.0,0.0,0.0,0.0,,-7.6
="2015-10-19 01:00:00",0.0,0.0,0.0,0.0,0.0,0.0,0.0,,-7.2
="2015-10-20 01:00:00",0.0,0.0,0.0,0.0,0.0,0.0,0.0,,-7.9
="2015-10-21 01:00:00",0.0,0.0,0.0,0.0,0.0,0.0,0.0,,-8.5
="2015-10-22 01:00:00",0.0,0.0,0.0,0.0,0.0,0.0,0.0,,-8.0
="2015-10-23 01:00:00",0.0,0.0,0.0,0.0,0.0,0.0,0.0,,-7.6
="2015-10-24 01:00:00",0.0,0.0,0.0,0.0,0.0,0.0,0.0,,-6.4
="2015-10-25 01:00:00",0.0,0.0,0.0,0.0,0.0,0.0,0.0,,-5.9
="2015-10-26 01:00:00",0.0,0.0,0.0,0.0,0.0,0.0,0.0,,-6.8
="2015-10-27 01:00:00",0.0,0.0,0.0,0.0,0.0,0.0,0.0,,-6.4
="2015-10-28 01:00:00",0.0,0.0,0.0,0.0,0.0,0.0,0.0,,-6.0
="2015-10-29 01:00:00",0.0,0.0,0.0,0.0,0.0,0.0,0.0,,-6.5
="2015-10-30 01:00:00",0.0,0.0,0.0,0.0,0.0,0.0,0.0,,-7.0
="2015-10-31 01:00:00",0.0,0.0,0.0,0.0,0.0,0.0,0.0,,-6.7
="2015-11-01 01:00:00",0.0,0.0,0.0,0.0,0.0,0.0,0.0,,-7.1
="2015-11-02 00:00:00",0.0,0.0,0.0,0.0,0.0,0.0,0.0,,-8.6
="2015-11-03 00:00:00",0.0,0.0,0.0,0.0,0.0,0.0,0.0,,-6.8
="2015-11-04 00:00:00",0.0,0.0,0.0,0.0,0.0,0.0,0.0,,-8.0
="2015-11-05 00:00:00",0.0,0.0,0.0,0.0,0.0,0.0,0.0,,-7.8
="2015-11-06 00:00:00",0.8,4.7,1.2,1.2,1.2,1.2,5.2,,-2.9
="2015-11-07 00:00:00",0.0,0.0,0.0,0.0,0.0,0.0,0.0,,-6.8
="2015-11-08 00:00:00",0.0,0.0,0.0,0.0,0.0,0.0,0.0,,-6.3
="2015-11-09 00:00:00",0.0,0.0,0.0,0.0,0.0,0.0,0.0,,-7.8
="2015-11-10 00:00:00",0.0,0.0,0.0,0.0,0.0,0.0,0.0,,-8.7
="2015-11-11 00:00:00",0.0,0.0,0.0,0.0,0.0,0.0,0.0,,-7.6
="2015-11-12 00:00:00",0.0,0.0,0.0,0.0,0.0,0.0,0.0,,-8.3
="2015-11-13 00:00:00",0.0,0.0,0.0,0.0,0.0,0.0,0.0,,-6.5
="2015-11-14 00:00:00",0.0,0.0,0.0,0.0,0.0,0.0,0.0,,-9.5
="2015-11-15 00:00:00",0.0,0.0,0.0,0.0,0.0,0.0,0.0,,-9.6
="2015-11-16 00:00:00",0.0,0.0,0.0,0.0,0.0,0.0,0.0,,-11.4
="2015-11-17 00:00:00",0.0,0.0,0.0,0.0,0.0,0.0,0.0,,-10.7
="2015-11-18 00:00:00",0.0,0.0,0.0,0.0,0.0,0.0,0.0,,-14.5
="2015-11-19 00:00:00",0.0,0.0,0.0,0.0,0.0,0.0,0.0,,-11.0
="2015-11-20 00:00:00",0.0,0.0,0.0,0.0,0.0,0.0,0.0,,-14.8
="2015-11-21 00:00:00",0.0,0.0,0.0,0.0,0.0,0.0,0.0,,-12.7
="2015-11-22 00:00:00",0.0,0.0,0.0,0.0,0.0,0.0,0.0,,-13.0
="2015-11-23 00:00:00",0.0,0.0,0.0,0.0,0.0,0.0,0.0,,-11.7
="2015-11-24 00:00:00",0.5,0.3,0.1,0.1,0.1,0.1,0.7,,-12.6
="2015-11-25 00:00:00",17.9,-13.1,-3.0,-3.5,-3.2,-3.2,3.4,,-12.3
="2015-11-26 00:00:00",17.1,-2.2,0.0,-1.2,-0.3,-0.5,11.8,,-6.3
="2015-11-27 00:00:00",17.0,-1.9,0.1,-0.8,-0.5,-0.5,12.0,,-3.7
="2015-11-28 00:00:00",15.9,-2.8,-0.4,-1.0,-0.6,-0.6,10.2,,-10.3
="2015-11-29 00:00:00",16.3,-2.1,-0.1,-1.0,-0.4,-0.5,11.1,,-3.5
="2015-11-30 00:00:00",16.4,-2.3,0.0,-1.1,-0.5,-0.6,11.0,,-4.3
="2015-12-01 00:00:00",2.8,-2.5,-0.3,-0.9,-0.5,-0.5,-2.6,,-15.1
="2015-12-02 00:00:00",-0.1,-2.8,-0.4,-1.0,-0.5,-0.6,-6.0,,-18.6
="2015-12-03 00:00:00",0.6,-2.9,-0.3,-1.1,-0.6,-0.7,-5.1,,-18.0
="2015-12-04 00:00:00",4.3,-2.5,-0.1,-1.0,-0.5,-0.6,-1.0,,-15.4
="2015-12-05 00:00:00",-0.1,-2.1,-0.1,-0.9,-0.4,-0.5,-5.3,,-21.1
="2015-12-06 00:00:00",-0.1,-2.3,-0.3,-0.8,-0.5,-0.5,-5.5,,-17.2
="2015-12-07 00:00:00",-0.1,-2.6,-0.1,-1.1,-0.5,-0.6,-5.8,,-18.6
="2015-12-08 00:00:00",-0.1,-2.7,-0.4,-0.9,-0.5,-0.5,-5.8,,-19.0
="2015-12-09 00:00:00",9.8,-2.4,-0.2,-1.0,-0.5,-0.5,4.4,,-8.1
="2015-12-10 00:00:00",0.1,-4.1,-0.3,-2.1,-0.6,-0.9,-6.9,,-21.0
="2015-12-11 00:00:00",14.7,-2.1,-0.1,-0.9,-0.6,-0.4,9.4,,-4.7
="2015-12-12 00:00:00",-0.0,-2.0,-0.2,-0.9,-0.3,-0.4,-5.4,,-18.7
="2015-12-13 00:00:00",-0.0,-2.3,-0.0,-0.9,-0.6,-0.6,-5.3,,-19.5
="2015-12-14 00:00:00",1.0,-2.2,-0.3,-1.2,-0.3,-0.4,-3.5,,-18.5
="2015-12-15 00:00:00",-0.0,-2.4,-0.3,-0.7,-0.5,-0.6,-5.3,,-16.0
="2015-12-16 00:00:00",14.0,-2.6,-0.2,-1.0,-0.5,-0.6,8.5,,-9.7
="2015-12-17 00:00:00",-0.1,-2.9,-0.4,-1.0,-0.6,-0.6,-5.9,,-20.9
="2015-12-18 00:00:00",1.6,-2.4,-0.1,-1.0,-0.5,-0.5,-3.7,,-19.1
="2015-12-19 00:00:00",-0.1,6.1,1.8,1.5,1.6,1.6,2.9,,-13.3
="2015-12-20 00:00:00",-0.1,-1.2,-0.2,-0.7,-0.2,-0.2,-4.1,,-18.7
="2015-12-21 00:00:00",-0.1,-13.9,-2.5,-4.7,-2.9,-3.5,-16.6,,-31.1
="2015-12-22 00:00:00",3.5,-1.6,-0.2,-0.7,-0.4,-0.3,-1.1,,-17.8
="2015-12-23 00:00:00",-0.0,-2.5,-0.3,-0.9,-0.6,-0.6,-5.7,,-20.8
="2015-12-24 00:00:00",-0.1,-1.9,-0.0,-0.9,-0.4,-0.4,-5.1,,-21.2
="2015-12-25 00:00:00",5.1,-2.3,-0.1,-1.0,-0.5,-0.5,-0.2,,-16.9
="2015-12-26 00:00:00",-0.0,-2.3,-0.2,-1.0,-0.4,-0.5,-5.4,,-24.2
="2015-12-27 00:00:00",-0.0,-2.5,-0.2,-1.0,-0.5,-0.6,-5.6,,-21.9
="2015-12-28 00:00:00",5.2,-2.3,-0.3,-0.9,-0.4,-0.4,-0.1,,-15.5
="2015-12-29 00:00:00",14.5,-2.4,-0.1,-1.0,-0.5,-0.6,9.1,,-8.0
="2015-12-30 00:00:00",16.2,-3.2,-0.2,-1.7,-0.4,-0.7,10.0,,-7.4
="2015-12-31 00:00:00",15.1,-1.5,-0.1,-0.5,-0.4,-0.3,10.5,,-8.5
="2016-01-01 00:00:00",16.3,-2.2,-0.2,-0.8,-0.5,-0.5,11.1,,-7.0
="2016-01-02 00:00:00",-0.1,-2.6,-0.2,-1.0,-0.5,-0.6,-5.7,,-27.2
="2016-01-03 00:00:00",5.0,6.0,1.9,0.7,1.9,1.9,8.1,,-8.2
="2016-01-04 00:00:00",7.3,-10.3,-2.3,-2.7,-2.5,-2.5,-5.6,,-22.5
="2016-01-05 00:00:00",-0.1,-3.2,-0.3,-1.0,-0.7,-1.0,-6.2,,-23.8
="2016-01-06 00:00:00",2.1,-5.9,-0.6,-2.5,-0.9,-1.1,-6.8,,-20.6
="2016-01-07 00:00:00",-0.1,-2.2,-0.1,-0.8,-0.5,-0.6,-5.1,,-19.8
="2016-01-08 00:00:00",2.1,-3.3,-0.2,-1.4,-0.6,-0.8,-3.8,,-20.9
="2016-01-09 00:00:00",-0.0,-1.0,-0.0,-0.4,-0.2,-0.3,-2.3,,-16.9
="2016-01-10 00:00:00",0.0,0.0,0.0,0.0,0.0,0.0,0.0,,-14.1
="2016-01-11 00:00:00",1.1,-1.5,-0.2,-0.6,-0.2,-0.4,-1.7,,-19.6
="2016-01-12 00:00:00",-0.1,-2.0,-0.0,-0.9,-0.4,-0.6,-5.0,,-19.9
="2016-01-13 00:00:00",-0.1,-2.8,-0.5,-0.9,-0.6,-0.6,-5.7,,-23.9
="2016-01-14 00:00:00",11.5,-2.4,-0.1,-1.0,-0.5,-0.5,6.3,,-10.3
="2016-01-15 00:00:00",-0.1,-2.2,-0.2,-0.9,-0.4,-0.5,-5.3,,-22.6
="2016-01-16 00:00:00",-0.0,-2.1,-0.1,-0.9,-0.5,-0.5,-5.3,,-19.1
="2016-01-17 00:00:00",-0.1,-2.2,-0.3,-0.8,-0.4,-0.5,-5.2,,-20.1
="2016-01-18 00:00:00",3.9,-2.5,-0.2,-1.0,-0.5,-0.6,-1.3,,-14.7
="2016-01-19 00:00:00",6.5,-3.3,-0.3,-1.3,-0.6,-0.8,0.8,,-12.7
="2016-01-20 00:00:00",3.0,-2.2,-0.3,-0.7,-0.5,-0.5,-1.8,,-13.4
="2016-01-21 00:00:00",-0.1,8.2,2.7,1.4,2.9,1.4,5.1,,-7.2
="2016-01-22 00:00:00",7.3,-14.8,-3.3,-4.3,-4.1,-2.9,-9.9,,-23.8
="2016-01-23 00:00:00",1.4,-2.1,-0.4,-0.6,-0.4,-0.5,-3.5,,-19.1
="2016-01-24 00:00:00",9.4,-1.7,-0.2,-0.6,-0.4,-0.4,4.6,,-7.6
="2016-01-25 00:00:00",3.5,-2.8,-0.4,-0.9,-0.6,-0.6,-2.2,,-16.9
="2016-01-26 00:00:00",-0.1,-3.0,-0.3,-1.0,-0.6,-0.6,-6.0,,-20.7
="2016-01-27 00:00:00",-0.0,-1.6,-0.2,-0.4,-0.3,-0.4,-3.7,,-14.1
="2016-01-28 00:00:00",8.6,-3.6,-0.1,-2.3,-0.5,-0.6,3.9,,-7.3
="2016-01-29 00:00:00",-0.0,-2.6,-0.2,-0.9,-0.5,-0.7,-5.6,,-20.8
="2016-01-30 00:00:00",-0.0,-2.5,-0.2,-0.9,-0.6,-0.6,-5.6,,-22.2
="2016-01-31 00:00:00",-0.0,-2.1,-0.3,-0.9,-0.3,-0.4,-5.2,,-19.0
="2016-02-01 00:00:00",8.3,-2.7,-0.1,-1.1,-0.7,-0.5,2.8,,-12.0
="2016-02-02 00:00:00",5.3,-2.1,-0.3,-0.8,-0.3,-0.4,0.2,,-15.2
="2016-02-03 00:00:00",0.4,-2.8,-0.1,-1.0,-0.6,-0.7,-5.2,,-19.7
="2016-02-04 00:00:00",-0.1,-3.1,-0.5,-0.9,-0.7,-0.7,-6.0,,-21.3
="2016-02-05 00:00:00",-0.1,-2.4,-0.1,-1.1,-0.4,-0.5,-5.5,,-19.9
="2016-02-06 00:00:00",10.1,-2.1,-0.1,-1.0,-0.4,-0.4,5.1,,-7.6
="2016-02-07 00:00:00",-0.0,-2.2,-0.3,-0.8,-0.4,-0.5,-5.3,,-17.3
="2016-02-08 00:00:00",25.9,-2.5,-0.3,-1.0,-0.5,-0.6,20.5,,9.4
="2016-02-09 00:00:00",25.5,-1.8,-0.2,-0.6,-0.4,-0.4,20.8,,7.2
="2016-02-10 00:00:00",4.2,-3.8,-0.3,-1.6,-0.7,-1.0,-2.3,,-15.4
="2016-02-11 00:00:00",1.4,-2.5,-0.4,-0.8,-0.5,-0.5,-3.8,,-16.4
="2016-02-12 00:00:00",16.2,-2.4,-0.3,-0.9,-0.5,-0.5,11.1,,-2.3
="2016-02-13 00:00:00",-0.1,-2.4,-0.2,-1.1,-0.4,-0.6,-5.6,,-21.9
="2016-02-14 00:00:00",-0.1,-2.6,-0.3,-0.9,-0.6,-0.6,-5.6,,-18.1
="2016-02-15 00:00:00",0.0,-3.9,-0.3,-2.4,-0.6,-0.6,-5.8,,-17.8
="2016-02-16 00:00:00",18.6,-2.3,-0.3,-0.9,-0.5,-0.5,13.7,,0.9
="2016-02-17 00:00:00",5.4,-2.9,-0.2,-1.0,-0.7,-0.7,0.1,,-11.8
="2016-02-18 00:00:00",4.0,-3.3,-0.5,-1.3,-0.6,-0.5,-1.7,,-12.4
="2016-02-19 00:00:00",-0.1,-2.8,-0.3,-0.9,-0.6,-0.6,-5.5,,-17.0
="2016-02-20 00:00:00",23.3,-2.4,-0.1,-1.0,-0.6,-0.6,18.2,,3.2
="2016-02-21 00:00:00",5.0,-2.4,-0.3,-0.9,-0.5,-0.5,-0.0,,-13.8
="2016-02-22 00:00:00",19.4,-2.6,-0.2,-1.1,-0.5,-0.6,14.2,,-0.4
="2016-02-23 00:00:00",32.3,-2.3,-0.3,-0.9,-0.5,-0.5,27.1,,13.7
="2016-02-24 00:00:00",25.6,-2.8,-0.2,-1.1,-0.6,-0.7,20.2,,6.8
="2016-02-25 00:00:00",27.9,-1.6,-0.3,-0.6,-0.3,-0.3,24.4,,11.6
="2016-02-26 00:00:00",0.0,0.0,0.0,0.0,0.0,0.0,0.0,,-8.8
="2016-02-27 00:00:00",0.0,0.0,0.0,0.0,0.0,0.0,0.0,,-10.2
="2016-02-28 00:00:00",0.0,0.0,0.0,0.0,0.0,0.0,0.0,,-8.7
="2016-02-29 00:00:00",14.3,-3.6,-0.2,-1.8,-0.5,-0.9,9.2,,-1.8
="2016-03-01 00:00:00",0.8,-2.7,-0.6,-0.7,-0.6,-0.4,-4.6,,-20.1
="2016-03-02 00:00:00",10.8,-2.1,0.0,-1.0,-0.6,-0.5,5.9,,-9.9
="2016-03-03 00:00:00",13.7,-3.1,-0.6,-0.8,-0.6,-0.7,8.3,,-2.3
="2016-03-04 00:00:00",3.0,-2.8,-0.1,-1.3,-0.7,-0.5,-0.8,,-13.8
="2016-03-05 00:00:00",23.6,-3.2,-0.3,-1.1,-1.0,-0.7,18.8,,7.0
="2016-03-06 00:00:00",14.9,-2.8,-0.4,-0.9,-0.9,-0.6,9.9,,-2.1
="2016-03-07 00:00:00",6.5,4.7,1.4,1.1,1.2,1.3,9.2,,-4.2
="2016-03-08 00:00:00",4.0,-10.8,-2.1,-3.0,-3.0,-2.6,-8.9,,-20.0
="2016-03-09 00:00:00",0.0,1.2,0.6,0.1,0.2,0.4,-1.2,,-11.9
="2016-03-10 00:00:00",0.8,-7.0,-0.9,-2.5,-2.1,-1.3,-8.3,,-20.2
="2016-03-11 00:00:00",11.4,-2.0,-0.1,-0.7,-0.6,-0.5,8.0,,-5.0
="2016-03-12 00:00:00",14.8,-3.0,-0.4,-0.9,-0.9,-0.6,9.6,,-4.4
="2016-03-13 00:00:00",-0.1,-3.2,-0.4,-1.0,-1.0,-0.7,-5.5,,-19.4
="2016-03-14 01:00:00",13.9,-2.8,-0.1,-1.0,-0.9,-0.6,9.0,,-3.3
="2016-03-15 01:00:00",15.4,-3.1,-0.3,-1.0,-0.9,-0.6,10.2,,0.2
="2016-03-16 01:00:00",39.5,-3.1,-0.3,-1.0,-0.9,-0.7,34.0,,20.6
="2016-03-17 01:00:00",44.8,-3.3,-0.4,-1.0,-0.9,-0.7,39.2,,26.2
="2016-03-18 01:00:00",28.1,-3.4,-0.1,-1.6,-1.0,-0.6,24.3,,13.5
="2016-03-19 01:00:00",0.0,0.0,0.0,0.0,0.0,0.0,0.0,,-9.3
="2016-03-20 01:00:00",0.0,0.0,0.0,0.0,0.0,0.0,0.0,,-8.3
="2016-03-21 01:00:00",13.2,-2.3,-0.2,-0.9,-0.6,-0.5,9.8,,0.8
="2016-03-22 01:00:00",26.0,-3.0,-0.3,-1.0,-0.9,-0.7,21.1,,10.1
="2016-03-23 01:00:00",-0.1,-3.0,-0.5,-0.9,-0.9,-0.6,-5.4,,-20.9
="2016-03-24 01:00:00",13.0,-2.8,-0.3,-0.9,-0.9,-0.6,8.2,,-5.3
="2016-03-25 01:00:00",17.1,-2.7,0.0,-1.0,-0.9,-0.7,12.6,,1.5
="2016-03-26 01:00:00",34.8,-2.6,-0.5,-0.7,-0.7,-0.5,30.9,,17.8
="2016-03-27 01:00:00",0.0,0.0,0.0,0.0,0.0,0.0,0.0,,-10.2
="2016-03-28 01:00:00",0.0,0.0,0.0,0.0,0.0,0.0,0.0,,-8.0
="2016-03-29 01:00:00",44.8,-3.9,-0.5,-1.4,-1.2,-0.7,39.9,,28.3
="2016-03-30 01:00:00",48.1,-3.3,-0.3,-1.0,-1.0,-0.8,42.9,,30.6
="2016-03-31 01:00:00",49.4,-2.3,1.2,-1.1,-1.0,-1.0,45.3,,31.6
="2016-04-01 01:00:00",49.4,-4.3,-1.3,-1.0,-1.0,-0.8,43.3,,30.3
="2016-04-02 01:00:00",49.4,-2.2,0.0,-0.7,-0.7,-0.6,45.1,,32.7
="2016-04-03 01:00:00",35.3,0.5,0.0,0.2,0.2,0.3,33.9,,23.8
="2016-04-04 01:00:00",48.1,-8.1,-0.7,-2.5,-2.3,-2.2,38.3,,27.9
="2016-04-05 01:00:00",3.0,-3.6,-0.6,-1.0,-1.0,-0.9,-2.6,,-16.1
="2016-04-06 01:00:00",32.0,-3.3,-0.2,-1.1,-1.1,-0.8,26.7,,13.1
="2016-04-07 01:00:00",49.8,-3.3,-0.4,-1.0,-0.9,-0.8,44.5,,31.1
="2016-04-08 01:00:00",46.4,-4.7,-0.2,-1.8,-1.4,-1.0,39.7,,26.0
="2016-04-09 01:00:00",51.5,-1.7,-0.4,-0.4,-0.4,-0.4,47.2,,35.1
="2016-04-10 01:00:00",29.7,-5.0,-0.5,-1.6,-1.5,-1.1,22.9,,11.2
="2016-04-11 01:00:00",22.4,-2.2,-0.4,-0.6,-0.6,-0.4,19.2,,9.8
="2016-04-12 01:00:00",14.3,-3.6,-0.3,-1.1,-1.1,-0.8,8.8,,-4.2
="2016-04-13 01:00:00",28.1,-3.4,-0.5,-1.1,-1.1,-0.6,22.7,,8.1
="2016-04-14 01:00:00",33.7,-2.6,-0.3,-0.8,-0.8,-0.6,29.1,,16.6
="2016-04-15 01:00:00",21.2,-3.0,-0.4,-0.9,-0.8,-0.7,16.3,,3.3
="2016-04-16 01:00:00",28.2,-3.1,-0.2,-1.1,-1.0,-0.8,23.1,,12.1
="2016-04-17 01:00:00",45.3,-3.1,-0.5,-0.9,-0.8,-0.7,40.1,,29.3
="2016-04-18 01:00:00",29.8,-5.3,-0.6,-2.0,-1.7,-1.0,22.9,,13.4
="2016-04-19 01:00:00",30.6,-3.6,-0.3,-1.1,-1.0,-0.9,25.5,,13.8
="2016-04-20 01:00:00",35.0,-3.8,-0.4,-1.2,-1.3,-0.9,29.6,,18.0
="2016-04-21 01:00:00",38.7,-3.4,-0.5,-0.9,-1.1,-0.7,33.6,,23.1
="2016-04-22 01:00:00",11.7,-1.3,-0.3,-0.4,-0.2,-0.1,9.4,,-2.6
="2016-04-23 01:00:00",0.0,0.0,0.0,0.0,0.0,0.0,0.0,,-9.4
="2016-04-24 01:00:00",0.0,0.0,0.0,0.0,0.0,0.0,0.0,,-8.6
="2016-04-25 01:00:00",49.0,-3.2,-0.5,-0.8,-0.9,-0.8,44.4,,34.4
="2016-04-26 01:00:00",49.0,-3.3,-0.4,-1.0,-1.0,-0.8,43.3,,31.5
="2016-04-27 01:00:00",49.5,-3.3,-0.4,-1.0,-1.0,-0.8,43.7,,33.8
="2016-04-28 01:00:00",42.4,-3.4,-0.4,-1.0,-1.0,-0.8,36.8,,26.0
="2016-04-29 01:00:00",41.9,-3.7,-0.5,-1.1,-1.0,-0.9,36.2,,24.6
="2016-04-30 01:00:00",54.9,-3.6,-0.4,-1.1,-1.1,-0.8,49.1,,38.0
="2016-05-01 01:00:00",60.1,-3.2,-0.5,-0.9,-0.9,-0.8,54.7,,41.9
="2016-05-02 01:00:00",33.8,-5.6,-0.5,-2.0,-1.8,-1.2,26.9,,15.6
="2016-05-03 01:00:00",43.5,-1.7,-0.3,-0.5,-0.5,-0.5,40.3,,30.7
="2016-05-04 01:00:00",20.4,-6.0,-0.9,-1.6,-1.6,-1.3,12.3,,0.3
="2016-05-05 01:00:00",49.0,0.0,-0.0,0.0,0.0,0.0,46.6,,34.3
="2016-05-06 01:00:00",59.3,-4.0,-0.9,-1.5,-1.5,0.0,52.8,,39.3
="2016-05-07 01:00:00",54.6,-0.0,-0.0,0.0,-0.0,0.0,52.1,,39.7
="2016-05-08 01:00:00",50.5,0.0,0.0,0.0,0.0,0.0,48.2,,39.0
="2016-05-09 01:00:00",58.6,-4.4,-0.9,-1.2,-1.2,-0.9,51.6,,40.3
="2016-05-10 01:00:00",57.7,-0.0,-0.0,0.0,0.0,0.0,55.1,,42.7
="2016-05-11 01:00:00",28.5,-6.7,-1.0,-2.8,-2.8,0.0,19.9,,9.9
="2016-05-12 01:00:00",56.6,-0.0,-0.0,0.0,0.0,0.0,53.9,,41.6
="2016-05-13 01:00:00",50.1,-5.7,-0.9,-2.3,-2.3,0.0,42.8,,31.4
="2016-05-14 01:00:00",51.9,-3.7,-0.4,-1.9,-1.3,0.0,46.6,,36.2
="2016-05-15 01:00:00",19.9,-2.8,-0.5,-1.1,-1.0,0.0,15.3,,5.0
="2016-05-16 01:00:00",12.3,-3.2,-0.5,-1.2,-1.1,0.0,7.4,,-2.6
="2016-05-17 01:00:00",44.9,-3.2,-0.5,-1.3,-1.2,0.0,39.4,,27.4
="2016-05-18 01:00:00",30.1,-3.0,-0.5,-1.2,-1.2,0.0,25.0,,13.7
="2016-05-19 01:00:00",29.1,-2.5,-0.6,-0.9,-0.8,0.0,24.6,,13.1
="2016-05-20 01:00:00",52.3,-2.7,-0.4,-1.0,-0.9,0.0,47.3,,34.5
="2016-05-21 01:00:00",38.5,-2.9,-0.5,-1.1,-1.1,0.0,33.3,,21.3
="2016-05-22 01:00:00",20.2,-2.9,-0.4,-1.1,-1.1,0.0,15.4,,5.7
="2016-05-23 01:00:00",12.6,-2.9,-0.5,-1.1,-0.9,0.0,7.8,,-2.3
="2016-05-24 01:00:00",23.9,-5.6,-1.5,-1.9,-1.9,0.0,16.5,,4.8
="2016-05-25 01:00:00",47.1,-2.8,-0.3,-1.1,-1.0,0.0,42.1,,31.3
="2016-05-26 01:00:00",-0.0,-4.0,-0.7,-1.6,-1.4,0.0,-6.6,,-17.3
="2016-05-27 01:00:00",29.2,-2.4,-0.4,-1.0,-0.9,0.0,25.4,,15.3
="2016-05-28 01:00:00",0.0,0.0,0.0,0.0,0.0,0.0,0.0,,-9.5
="2016-05-29 01:00:00",0.0,0.0,0.0,0.0,0.0,0.0,0.0,,-8.0
="2016-05-30 01:00:00",58.0,-4.1,-0.5,-1.1,-1.1,-1.3,52.6,,41.2
="2016-05-31 01:00:00",43.9,-3.4,-0.4,-1.0,-1.0,-0.9,38.6,,27.7
="2016-06-01 01:00:00",38.9,-3.1,-0.4,-0.9,-1.0,-0.7,33.8,,22.8
="2016-06-02 01:00:00",37.3,-3.6,-0.6,-1.0,-1.0,-0.8,32.0,,22.1
="2016-06-03 01:00:00",45.7,-3.6,-0.5,-1.0,-1.0,-0.9,40.5,,29.8
="2016-06-04 01:00:00",31.9,-3.8,-0.3,-1.3,-1.3,-0.8,26.7,,16.9
="2016-06-05 01:00:00",21.4,-2.6,-0.6,-0.6,-0.7,-0.6,17.9,,7.6
="2016-06-06 01:00:00",30.7,-2.6,-0.4,-0.8,-0.8,-0.6,27.1,,16.3
="2016-06-07 01:00:00",38.0,-3.5,-0.6,-1.0,-1.1,-0.7,33.4,,22.4
="2016-06-08 01:00:00",30.8,-3.9,-0.4,-1.2,-1.1,-0.9,25.7,,14.2
="2016-06-09 01:00:00",39.9,-3.6,-0.7,-1.0,-1.0,-0.8,34.8,,24.2
="2016-06-10 01:00:00",33.4,-3.3,-0.4,-1.0,-1.0,-0.8,28.5,,16.8
="2016-06-11 01:00:00",16.8,-3.9,-0.5,-1.1,-1.1,-0.9,11.5,,-1.4
="2016-06-12 01:00:00",44.4,-3.3,-0.5,-0.9,-0.9,-0.7,39.3,,29.2
="2016-06-13 01:00:00",38.3,-3.6,-0.4,-1.1,-1.0,-0.8,32.8,,22.0
="2016-06-14 01:00:00",17.9,-4.0,-0.4,-1.1,-1.1,-1.0,12.3,,1.9
="2016-06-15 01:00:00",42.6,-3.7,-0.6,-1.0,-1.0,-0.8,37.1,,25.4
="2016-06-16 01:00:00",51.5,-3.8,-0.5,-1.1,-1.0,-0.9,45.9,,35.4
="2016-06-17 01:00:00",59.9,-5.6,-0.5,-2.1,-1.8,-1.1,52.4,,40.6
="2016-06-18 01:00:00",10.8,-3.3,-0.6,-0.9,-0.8,-0.8,6.1,,-4.7
="2016-06-19 01:00:00",37.3,-3.3,-0.4,-1.0,-1.0,-0.8,32.5,,22.6
="2016-06-20 01:00:00",42.2,-3.8,-0.5,-1.3,-1.3,-0.8,36.7,,25.6
="2016-06-21 01:00:00",27.2,-3.8,-0.6,-1.0,-1.0,-0.8,22.0,,9.9
="2016-06-22 01:00:00",14.2,-3.2,-0.3,-1.1,-1.1,-0.7,9.8,,-0.4
="2016-06-23 01:00:00",13.8,-3.3,-0.5,-0.9,-0.8,-0.8,9.0,,-1.7
="2016-06-24 01:00:00",20.3,-3.0,-0.5,-0.8,-0.8,-0.7,16.1,,2.3
="2016-06-25 01:00:00",0.0,0.0,0.0,0.0,0.0,0.0,0.0,,-12.2
="2016-06-26 01:00:00",0.0,0.0,0.0,0.0,0.0,0.0,0.0,,-10.8
="2016-06-27 01:00:00",80.4,-4.7,-0.7,-1.4,-1.4,-1.0,74.1,,61.6
="2016-06-28 01:00:00",21.2,-2.0,-0.4,-0.5,-0.5,-0.5,18.3,,7.2
="2016-06-29 01:00:00",47.6,-3.0,-0.3,-1.0,-1.1,-0.6,43.7,,32.8
="2016-06-30 01:00:00",51.1,-4.1,-0.6,-1.2,-1.1,-1.0,45.4,,34.7
="2016-07-01 01:00:00",32.5,-3.6,-0.4,-1.1,-1.1,-0.8,27.4,,18.7
="2016-07-02 01:00:00",42.0,-2.4,-0.5,-0.6,-0.6,-0.5,38.1,,27.3
="2016-07-03 01:00:00",,,,,,,,,
="2016-07-04 01:00:00",45.8,-10.9,-1.7,-3.2,-3.1,-2.6,34.0,,24.0
="2016-07-05 01:00:00",24.5,-2.6,-0.4,-0.7,-0.7,-0.7,20.8,,11.9
="2016-07-06 01:00:00",49.0,-4.9,-0.8,-1.5,-1.5,-1.0,42.8,,33.0
="2016-07-07 01:00:00",3.6,-3.5,-0.7,-1.0,-1.0,-0.9,-1.0,,-8.4
="2016-07-08 01:00:00",0.0,0.0,0.0,0.0,0.0,0.0,0.0,,-10.4
="2016-07-09 01:00:00",0.0,0.0,0.0,0.0,0.0,0.0,0.0,,-10.5
="2016-07-10 01:00:00",0.0,0.0,0.0,0.0,0.0,0.0,0.0,,-10.6
="2016-07-11 01:00:00",23.9,-2.4,-0.2,-1.0,-0.5,-0.6,20.7,,10.4
="2016-07-12 01:00:00",24.9,-3.7,-0.6,-1.2,-0.9,-0.8,19.8,,10.0
="2016-07-13 01:00:00",34.1,-3.4,-0.6,-1.2,-0.7,-0.7,29.0,,18.4
="2016-07-14 01:00:00",44.2,-2.7,-0.4,-1.0,-0.5,-0.6,40.4,,27.9
="2016-07-15 01:00:00",44.4,-4.5,-0.5,-1.4,-1.1,-1.2,38.3,,27.2
="2016-07-16 01:00:00",,,,,,,,,
="2016-07-17 01:00:00",,,,,,,,,
="2016-07-18 01:00:00",55.0,-12.9,-2.3,-5.2,-2.2,-3.0,41.3,,30.1
="2016-07-19 01:00:00",28.7,-1.9,0.1,-0.7,-0.6,-0.4,25.3,,15.9
="2016-07-20 01:00:00",40.3,-4.4,-0.9,-1.3,-0.9,-0.9,34.4,,24.2
="2016-07-21 01:00:00",30.5,-2.1,-0.4,-0.7,-0.5,-0.5,27.3,,17.3
="2016-07-22 01:00:00",23.0,-0.0,0.0,0.0,0.0,0.0,22.6,,12.3
="2016-07-23 01:00:00",0.0,0.0,0.0,0.0,0.0,0.0,0.0,,-9.9
="2016-07-24 01:00:00",0.0,0.0,0.0,0.0,0.0,0.0,0.0,,-10.3
="2016-07-25 01:00:00",47.6,-4.8,-0.8,-1.7,-1.1,-1.1,41.9,,30.3
="2016-07-26 01:00:00",54.6,-3.9,-0.4,-1.4,-1.0,-1.1,48.8,,36.8
="2016-07-27 01:00:00",34.5,-1.6,-0.4,-0.7,-0.3,-0.2,31.7,,18.3
="2016-07-28 01:00:00",50.1,-2.5,-0.3,-1.0,-0.5,-0.6,46.3,,35.0
="2016-07-29 01:00:00",28.9,-2.0,-0.5,-0.7,-0.4,-0.3,25.9,,15.7
="2016-07-30 01:00:00",0.0,0.0,0.0,0.0,0.0,0.0,0.0,,-9.6
="2016-07-31 01:00:00",0.0,0.0,0.0,0.0,0.0,0.0,0.0,,-10.6
="2016-08-01 01:00:00",0.0,0.0,0.0,0.0,0.0,0.0,0.0,,-10.1
="2016-08-02 01:00:00",13.7,-3.3,-0.6,-1.2,-0.5,-0.7,9.7,,-0.5
="2016-08-03 01:00:00",25.8,-3.8,-0.5,-1.2,-0.9,-1.0,20.5,,9.5
="2016-08-04 01:00:00",52.9,-3.8,-0.7,-1.3,-0.9,-0.8,47.3,,36.3
="2016-08-05 01:00:00",46.4,-2.6,-0.5,-1.0,-0.4,-0.6,42.4,,30.3
="2016-08-06 01:00:00",50.7,-2.8,-0.3,-1.2,-0.7,-0.5,46.6,,36.1
="2016-08-07 01:00:00",20.9,-0.9,0.1,-0.4,-0.3,-0.2,18.6,,8.8
="2016-08-08 01:00:00",26.6,-7.6,-1.4,-2.9,-1.5,-1.4,17.8,,7.1
="2016-08-09 01:00:00",13.5,-4.3,-0.9,-1.1,-0.9,-1.1,8.0,,-2.4
="2016-08-10 01:00:00",28.4,-4.3,-0.6,-1.4,-1.0,-0.9,22.9,,12.0
="2016-08-11 01:00:00",38.1,-2.2,-0.2,-0.9,-0.5,-0.5,34.5,,22.8
="2016-08-12 01:00:00",40.9,-1.3,-0.1,-0.4,-0.3,-0.4,38.9,,27.2
="2016-08-13 01:00:00",38.8,1.3,0.5,0.0,0.4,0.5,39.1,,27.1
="2016-08-14 01:00:00",36.3,-7.9,-1.8,-2.5,-1.7,-1.7,27.3,,15.4
="2016-08-15 01:00:00",39.3,-2.3,-0.4,-0.9,-0.5,-0.4,35.1,,24.1
="2016-08-16 01:00:00",76.1,-2.0,-0.3,-0.9,-0.4,-0.3,72.1,,56.9
="2016-08-17 01:00:00",37.4,-14.6,-3.5,-4.0,-3.1,-3.7,22.4,,9.6
="2016-08-18 01:00:00",31.3,-3.2,-0.4,-1.2,-0.8,-0.6,26.7,,14.5
="2016-08-19 01:00:00",18.9,-3.3,-0.5,-1.3,-0.5,-0.9,14.6,,2.5
="2016-08-20 01:00:00",22.4,-2.8,-0.6,-0.9,-0.9,-0.3,18.3,,6.9
="2016-08-21 01:00:00",41.3,-3.2,-0.5,-1.1,-0.6,-0.9,36.0,,25.4
="2016-08-22 01:00:00",23.7,-3.6,-0.5,-1.3,-0.7,-0.7,18.5,,7.6
="2016-08-23 01:00:00",48.6,-3.5,-0.5,-1.2,-0.9,-0.8,43.0,,30.3
="2016-08-24 01:00:00",32.5,-3.2,-0.3,-1.4,-0.8,-0.5,27.5,,15.1
="2016-08-25 01:00:00",26.7,-2.9,-0.6,-1.1,-0.6,-0.5,22.2,,8.6
="2016-08-26 01:00:00",20.1,-1.2,-0.2,-0.7,-0.3,-0.0,17.8,,4.5
="2016-08-27 01:00:00",0.0,0.0,0.0,0.0,0.0,0.0,0.0,,-12.1
="2016-08-28 01:00:00",0.0,0.0,0.0,0.0,0.0,0.0,0.0,,-10.5
="2016-08-29 01:00:00",50.7,-3.4,-0.6,-1.2,-0.8,-0.6,46.2,,33.3
="2016-08-30 01:00:00",57.3,-5.4,-0.5,-2.1,-1.1,-1.5,50.0,,37.5
="2016-08-31 01:00:00",7.6,-3.7,-0.8,-1.2,-0.6,-0.7,1.8,,-10.4
="2016-09-01 01:00:00",20.7,-3.1,-0.3,-1.2,-0.7,-0.7,15.8,,4.6
="2016-09-02 01:00:00",18.0,-3.4,-0.6,-1.1,-0.7,-0.7,12.7,,1.9
="2016-09-03 01:00:00",27.0,-3.0,-0.2,-1.1,-0.7,-0.7,22.3,,12.1
="2016-09-04 01:00:00",43.5,-5.0,-0.8,-2.2,-0.9,-0.9,36.6,,25.3
="2016-09-05 01:00:00",5.3,-3.8,-0.6,-1.3,-0.6,-0.9,-0.4,,-10.5
="2016-09-06 01:00:00",23.7,-3.1,-0.3,-1.2,-0.7,-0.6,19.0,,6.7
="2016-09-07 01:00:00",12.5,-2.8,-0.4,-1.1,-0.4,-0.7,8.8,,-2.4
="2016-09-08 01:00:00",41.5,-3.2,-0.6,-1.1,-0.7,-0.6,36.3,,24.8
="2016-09-09 01:00:00",40.0,-3.3,-0.4,-1.3,-0.7,-0.7,34.6,,23.8
="2016-09-10 01:00:00",40.5,-2.9,-0.5,-1.1,-0.6,-0.6,35.3,,23.5
="2016-09-11 01:00:00",,,,,,,,,
="2016-09-12 01:00:00",66.6,-15.8,-2.6,-6.5,-3.2,-3.3,49.4,,36.3
="2016-09-13 01:00:00",43.2,-2.1,-0.1,-0.7,-0.6,-0.6,39.1,,26.7
="2016-09-14 01:00:00",20.6,-4.3,-0.7,-1.5,-1.0,-0.7,14.6,,1.7
="2016-09-15 01:00:00",4.7,-4.3,-0.5,-1.4,-0.8,-0.9,-1.6,,-13.6
="2016-09-16 01:00:00",14.7,-3.5,-0.6,-1.2,-0.6,-0.8,9.7,,-1.4
="2016-09-17 01:00:00",1.5,-3.7,-0.5,-1.2,-0.8,-0.8,-3.7,,-16.3
="2016-09-18 01:00:00",4.7,-1.7,-0.1,-1.0,-0.2,-0.4,2.4,,-9.6
="2016-09-19 01:00:00",11.4,-4.2,-0.6,-1.7,-0.7,-0.8,5.7,,-8.8
="2016-09-20 01:00:00",24.0,-4.2,-0.6,-1.2,-1.0,-1.0,18.1,,5.2
="2016-09-21 01:00:00",23.8,-4.0,-0.8,-1.3,-0.8,-0.8,18.0,,4.1
="2016-09-22 01:00:00",25.5,-4.0,-0.6,-1.4,-0.8,-0.8,19.7,,6.3
="2016-09-23 01:00:00",2.5,-2.9,-0.5,-0.8,-0.6,-0.6,-1.4,,-13.4
="2016-09-24 01:00:00",0.0,0.0,0.0,0.0,0.0,0.0,0.0,,-11.7
="2016-09-25 01:00:00",-0.0,-1.7,-0.0,-0.9,-0.3,-0.4,-2.0,,-13.8
="2016-09-26 01:00:00",13.5,-3.8,-0.7,-1.2,-0.8,-0.8,8.5,,-3.2
="2016-09-27 01:00:00",27.7,-4.1,-0.6,-1.3,-0.9,-0.9,21.9,,7.3
="2016-09-28 01:00:00",40.2,-3.4,-0.6,-1.3,-0.7,-0.7,35.1,,22.2
="2016-09-29 01:00:00",34.2,-3.8,-0.6,-1.4,-0.8,-0.8,28.7,,15.7
="2016-09-30 01:00:00",37.5,-3.6,-0.6,-1.3,-0.8,-0.8,32.2,,19.8
="2016-10-01 01:00:00",9.4,-3.9,-0.5,-1.5,-0.8,-0.9,4.2,,-7.2
="2016-10-02 01:00:00",31.3,-3.4,-0.6,-1.2,-0.7,-0.8,26.2,,14.1
="2016-10-03 01:00:00",13.8,-4.1,-0.6,-1.5,-0.8,-0.9,8.3,,-4.6
="2016-10-04 01:00:00",8.5,-3.9,-0.7,-1.3,-0.7,-0.8,3.1,,-8.6
="2016-10-05 01:00:00",35.7,-3.7,-0.6,-1.3,-0.8,-0.8,30.4,,18.1
="2016-10-06 01:00:00",4.7,-3.3,-0.5,-1.4,-0.6,-0.6,-0.2,,-12.6
="2016-10-07 01:00:00",9.3,-3.4,-0.4,-1.4,-0.5,-0.7,4.4,,-7.1
="2016-10-08 01:00:00",-0.1,-4.8,-0.8,-1.3,-1.2,-1.2,-6.7,,-21.6
="2016-10-09 01:00:00",25.2,-3.1,-0.4,-1.2,-0.7,-0.8,20.4,,8.5
="2016-10-10 01:00:00",23.3,-0.2,0.2,-0.3,0.1,-0.0,21.7,,11.0
="2016-10-11 01:00:00",34.6,-8.2,-1.6,-2.9,-1.7,-1.8,25.1,,12.5
="2016-10-12 01:00:00",29.3,-3.8,-0.6,-1.2,-0.8,-1.1,23.8,,10.0
="2016-10-13 01:00:00",-0.1,-3.7,-0.4,-1.5,-0.7,-0.9,-5.5,,-17.3
="2016-10-14 01:00:00",-0.1,-3.5,-0.4,-1.5,-0.7,-0.8,-5.4,,-17.1
="2016-10-15 01:00:00",-0.0,-3.9,-0.6,-1.6,-0.7,-0.9,-5.7,,-20.1
="2016-10-16 01:00:00",-0.1,-3.4,-0.3,-1.5,-0.7,-0.8,-5.3,,-15.6
="2016-10-17 01:00:00",-0.1,-3.8,-0.5,-1.6,-0.8,-0.9,-5.6,,-17.9
="2016-10-18 01:00:00",-0.0,-3.9,-0.6,-1.6,-0.8,-0.9,-5.6,,-17.3
="2016-10-19 01:00:00",13.4,-3.7,-0.5,-1.6,-0.7,-0.8,8.1,,-4.0
="2016-10-20 01:00:00",10.6,-4.0,-0.6,-1.5,-0.8,-0.9,5.1,,-9.8
="2016-10-21 01:00:00",6.4,-4.1,-0.6,-1.7,-0.8,-0.9,0.8,,-10.8
="2016-10-22 01:00:00",14.3,-3.7,-0.5,-1.6,-0.7,-0.8,8.9,,-5.3
="2016-10-23 01:00:00",7.9,-4.5,-0.3,-2.2,-0.9,-1.0,1.6,,-9.6
="2016-10-24 01:00:00",-0.0,-1.1,-0.4,-0.4,-0.2,-0.1,-2.0,,-15.8
="2016-10-25 01:00:00",5.4,-3.4,-0.5,-1.3,-0.6,-0.9,1.2,,-10.9
="2016-10-26 01:00:00",1.1,-2.9,-0.3,-1.2,-0.6,-0.7,-3.6,,-17.7
="2016-10-27 01:00:00",-0.0,-3.8,-0.6,-1.5,-0.7,-0.9,-5.5,,-18.5
="2016-10-28 01:00:00",10.4,-2.2,-0.4,-0.7,-0.5,-0.5,7.3,,-6.8
="2016-10-29 01:00:00",0.0,0.0,0.0,0.0,0.0,0.0,0.0,,-12.2
="2016-10-30 01:00:00",5.4,0.0,0.0,0.0,0.0,0.0,4.0,,-9.1
="2016-10-31 01:00:00",0.3,-2.6,-0.3,-1.0,-0.6,-0.6,-4.6,,-17.4
="2016-11-01 01:00:00",6.9,-3.3,-0.5,-1.3,-0.7,-0.7,2.0,,-9.3
="2016-11-02 01:00:00",1.1,-3.7,-0.5,-1.4,-0.9,-0.8,-4.7,,-18.3
="2016-11-03 01:00:00",31.5,-2.0,-0.2,-0.6,-0.5,-0.3,27.3,,15.3
="2016-11-04 01:00:00",26.0,-5.5,-0.3,-2.4,-1.6,-0.7,18.6,,6.6
="2016-11-05 01:00:00",-0.0,-2.2,-0.5,-0.9,-0.5,-0.2,-4.8,,-17.8
="2016-11-06 01:00:00",4.9,-2.9,-0.3,-1.0,-0.8,-0.6,-0.3,,-12.6
="2016-11-07 00:00:00",1.9,-4.0,-0.5,-1.6,-1.1,-0.6,-4.3,,-17.6
="2016-11-08 00:00:00",11.5,-2.5,-0.4,-0.7,-0.6,-0.4,6.9,,-5.7
="2016-11-09 00:00:00",9.0,-3.4,-0.4,-1.2,-0.8,-0.5,3.5,,-7.8
="2016-11-10 00:00:00",12.2,-4.5,-0.5,-1.5,-1.1,-0.9,5.4,,-7.7
="2016-11-11 00:00:00",-0.0,-4.1,-0.2,-2.0,-1.1,-0.7,-6.5,,-17.5
="2016-11-12 00:00:00",-0.0,-2.2,-0.4,-0.8,-0.6,-0.4,-5.0,,-17.0
="2016-11-13 00:00:00",0.0,-2.3,-0.2,-1.1,-0.6,-0.4,-5.2,,-15.6
="2016-11-14 00:00:00",13.7,-2.5,-0.2,-1.2,-0.4,-0.3,8.5,,-6.2
="2016-11-15 00:00:00",1.2,-4.5,-0.6,-1.5,-0.8,-0.9,-5.9,,-19.8
="2016-11-16 00:00:00",2.1,-4.3,-0.5,-1.6,-0.8,-0.7,-4.8,,-18.9
="2016-11-17 00:00:00",7.0,-4.2,-0.6,-1.4,-0.9,-0.7,0.3,,-14.4
="2016-11-18 00:00:00",-0.0,-3.8,-0.2,-1.4,-0.9,-0.7,-6.3,,-23.3
="2016-11-19 00:00:00",6.5,-3.6,-0.4,-1.3,-1.2,-0.6,0.5,,-12.7
="2016-11-20 00:00:00",-0.0,8.7,2.7,1.6,2.4,2.2,6.1,,-7.4
="2016-11-21 00:00:00",14.6,-15.1,-3.4,-4.3,-3.5,-3.4,-2.6,,-17.8
="2016-11-22 00:00:00",-0.0,-2.7,-0.3,-1.0,-0.5,-0.3,-5.3,,-20.0
="2016-11-23 00:00:00",-0.0,-4.7,-0.7,-1.4,-1.4,-1.1,-7.0,,-21.3
="2016-11-24 00:00:00",-0.0,-2.6,-0.4,-0.9,-0.8,-0.5,-5.0,,-19.3
="2016-11-25 00:00:00",5.2,-1.8,-0.2,-0.6,-0.5,-0.3,1.8,,-12.9
="2016-11-26 00:00:00",0.0,0.0,0.0,0.0,0.0,0.0,0.0,,-14.4
="2016-11-27 00:00:00",0.0,0.0,0.0,0.0,0.0,0.0,0.0,,-13.4
="2016-11-28 00:00:00",8.3,-2.6,-0.4,-0.9,-0.7,-0.5,4.3,,-10.2
="2016-11-29 00:00:00",-0.0,-2.9,-0.3,-1.3,-0.7,-0.6,-5.4,,-22.0
="2016-11-30 00:00:00",2.8,-3.2,-0.3,-1.4,-0.7,-0.5,-2.9,,-19.7
="2016-12-01 00:00:00",6.2,-1.3,0.1,-0.8,-0.3,-0.2,2.3,,-15.6
="2016-12-02 00:00:00",-0.0,-6.9,-0.9,-3.3,-1.3,-1.1,-9.0,,-25.2
="2016-12-03 00:00:00",2.9,-2.1,-0.2,-0.8,-0.6,-0.4,-1.7,,-15.1
="2016-12-04 00:00:00",15.2,-2.3,-0.3,-0.9,-0.7,-0.5,10.2,,-7.2
="2016-12-05 00:00:00",-0.0,-2.7,-0.1,-1.3,-0.6,-0.5,-5.5,,-23.3
="2016-12-06 00:00:00",-0.0,-3.7,-0.2,-2.2,-0.6,-0.4,-5.9,,-23.5
="2016-12-07 00:00:00",0.1,-2.7,-0.2,-1.0,-0.7,-0.6,-5.2,,-25.2
="2016-12-08 00:00:00",-0.0,-2.5,-0.0,-1.3,-0.5,-0.5,-5.2,,-24.0
="2016-12-09 00:00:00",-0.0,-2.2,-0.3,-1.0,-0.4,-0.4,-5.1,,-21.9
="2016-12-10 00:00:00",-0.0,-2.9,-0.2,-1.2,-0.6,-0.5,-5.6,,-20.9
="2016-12-11 00:00:00",-0.0,-2.4,-0.2,-1.2,-0.6,-0.4,-5.2,,-20.5
="2016-12-12 00:00:00",-0.0,-2.5,-0.1,-1.2,-0.6,-0.4,-5.3,,-23.3
="2016-12-13 00:00:00",-0.0,-3.6,-0.4,-1.8,-0.7,-0.4,-5.8,,-24.2
="2016-12-14 00:00:00",-0.0,-1.7,-0.0,-0.7,-0.4,-0.5,-3.6,,-21.9
="2016-12-15 00:00:00",0.0,0.0,0.0,0.0,0.0,0.0,0.0,,-17.3
="2016-12-16 00:00:00",0.0,0.0,0.0,0.0,0.0,0.0,0.0,,-17.9
="2016-12-17 00:00:00",0.0,0.0,0.0,0.0,0.0,0.0,0.0,,-16.0
="2016-12-18 00:00:00",0.0,0.0,0.0,0.0,0.0,0.0,0.0,,-13.6
="2016-12-19 00:00:00",0.0,0.0,0.0,0.0,0.0,0.0,0.0,,-12.9
="2016-12-20 00:00:00",0.0,0.0,0.0,0.0,0.0,0.0,0.0,,-12.4
="2016-12-21 00:00:00",0.0,0.0,0.0,0.0,0.0,0.0,0.0,,-13.9
="2016-12-22 00:00:00",0.0,0.0,0.0,0.0,0.0,0.0,0.0,,-13.8
="2016-12-23 00:00:00",0.0,0.0,0.0,0.0,0.0,0.0,0.0,,-12.8
="2016-12-24 00:00:00",0.0,0.0,0.0,0.0,0.0,0.0,0.0,,-13.5
="2016-12-25 00:00:00",0.0,0.0,0.0,0.0,0.0,0.0,0.0,,-14.8
="2016-12-26 00:00:00",0.0,0.0,0.0,0.0,0.0,0.0,0.0,,-13.4
="2016-12-27 00:00:00",0.0,0.0,0.0,0.0,0.0,0.0,0.0,,-12.7
="2016-12-28 00:00:00",0.0,0.0,0.0,0.0,0.0,0.0,0.0,,-13.7
="2016-12-29 00:00:00",0.0,0.0,0.0,0.0,0.0,0.0,0.0,,-13.4
="2016-12-30 00:00:00",0.0,0.0,0.0,0.0,0.0,0.0,0.0,,-12.9
="2016-12-31 00:00:00",0.0,0.0,0.0,0.0,0.0,0.0,0.0,,-14.1
="2017-01-01 00:00:00",0.0,0.0,0.0,0.0,0.0,0.0,0.0,,-13.7
="2017-01-02 00:00:00",0.0,0.0,0.0,0.0,0.0,0.0,0.0,,-15.2
="2017-01-03 00:00:00",0.0,0.0,0.0,0.0,0.0,0.0,0.0,,-15.1
="2017-01-04 00:00:00",-0.0,0.0,0.0,0.0,0.0,0.0,0.0,,-15.8
="2017-01-05 00:00:00",0.0,0.0,0.0,0.0,0.0,0.0,0.0,,-15.4
="2017-01-06 00:00:00",0.0,0.0,0.0,0.0,0.0,0.0,0.0,,-14.8
="2017-01-07 00:00:00",0.0,0.0,0.0,0.0,0.0,0.0,0.0,,-14.0
="2017-01-08 00:00:00",0.0,0.0,0.0,0.0,0.0,0.0,0.0,,-12.6
="2017-01-09 00:00:00",0.0,0.0,0.0,0.0,0.0,0.0,0.0,,-15.0
="2017-01-10 00:00:00",0.0,0.0,0.0,0.0,0.0,0.0,0.0,,-16.4
="2017-01-11 00:00:00",0.0,0.0,0.0,0.0,0.0,0.0,0.0,,-16.3
="2017-01-12 00:00:00",0.0,0.0,0.0,0.0,0.0,0.0,0.0,,-18.2
="2017-01-13 00:00:00",0.0,0.0,0.0,0.0,0.0,0.0,0.0,,-17.6
="2017-01-14 00:00:00",0.0,0.0,0.0,0.0,0.0,0.0,0.0,,-15.0
="2017-01-15 00:00:00",0.0,0.0,0.0,0.0,0.0,0.0,0.0,,-14.1
="2017-01-16 00:00:00",0.0,0.0,0.0,0.0,0.0,0.0,0.0,,-14.8
="2017-01-17 00:00:00",0.0,0.0,0.0,0.0,0.0,0.0,0.0,,-15.4
="2017-01-18 00:00:00",0.0,0.0,0.0,0.0,0.0,0.0,0.0,,-14.6
="2017-01-19 00:00:00",0.0,0.0,0.0,0.0,0.0,0.0,0.0,,-13.8
="2017-01-20 00:00:00",0.0,0.0,0.0,0.0,0.0,0.0,0.0,,-13.9
="2017-01-21 00:00:00",0.0,0.0,0.0,0.0,0.0,0.0,0.0,,-12.4
="2017-01-22 00:00:00",0.0,0.0,0.0,0.0,0.0,0.0,0.0,,-13.0
="2017-01-23 00:00:00",18.2,-7.1,-1.5,-2.2,-1.6,-1.6,9.3,,-11.9
="2017-01-24 00:00:00",5.6,-2.2,-0.2,-0.6,-0.2,-0.4,-0.9,,-20.2
="2017-01-25 00:00:00",-0.0,-1.9,-0.0,-0.7,-0.3,-0.4,-6.0,,-23.0
="2017-01-26 00:00:00",7.4,-2.3,-0.4,-0.7,-0.2,-0.5,1.2,,-16.3
="2017-01-27 00:00:00",3.8,-1.5,-0.1,-0.5,-0.2,-0.3,-0.4,,-18.2
="2017-01-28 00:00:00",0.0,0.0,0.0,0.0,0.0,0.0,0.0,,-14.6
="2017-01-29 00:00:00",0.0,0.0,0.0,0.0,0.0,0.0,0.0,,-12.0
="2017-01-30 00:00:00",7.9,-1.0,0.1,-0.6,-0.1,-0.3,5.0,,-13.2
="2017-01-31 00:00:00",26.3,-2.0,-0.4,-0.8,-0.3,-0.5,20.6,,1.5
="2017-02-01 00:00:00",25.8,-0.8,0.0,-0.7,0.2,-0.4,20.7,,0.4
="2017-02-02 00:00:00",24.9,-3.6,-0.6,-1.9,-0.6,-0.6,17.3,,-3.3
="2017-02-03 00:00:00",-0.0,-1.0,0.1,-0.4,-0.2,-0.5,-5.2,,-23.0
="2017-02-04 00:00:00",-0.0,-1.4,-0.0,-0.6,-0.4,-0.4,-5.4,,-23.5
="2017-02-05 00:00:00",-0.0,-1.5,-0.0,-0.8,-0.2,-0.5,-5.4,,-21.5
="2017-02-06 00:00:00",-0.0,-1.7,-0.2,-0.7,-0.4,-0.4,-5.6,,-24.1
="2017-02-07 00:00:00",-0.0,-1.5,-0.1,-0.8,-0.2,-0.4,-5.6,,-24.4
="2017-02-08 00:00:00",-0.0,-1.3,0.0,-0.8,-0.1,-0.4,-5.5,,-24.8
="2017-02-09 00:00:00",-0.0,-1.2,-0.0,-0.9,0.0,-0.3,-5.3,,-22.7
="2017-02-10 00:00:00",-0.0,-1.7,-0.2,-0.6,-0.3,-0.5,-5.7,,-22.2
="2017-02-11 00:00:00",-0.0,-1.0,0.1,-0.7,-0.1,-0.3,-5.1,,-21.0
="2017-02-12 00:00:00",3.2,-1.3,-0.1,-0.6,-0.2,-0.3,-2.0,,-16.9
="2017-02-13 00:00:00",14.8,-1.4,-0.1,-0.7,-0.2,-0.4,9.4,,-5.0
="2017-02-14 00:00:00",-0.0,-0.6,0.1,-0.5,-0.0,-0.1,-4.5,,-20.8
="2017-02-15 00:00:00",-0.0,-4.5,-0.7,-1.9,-0.8,-1.1,-8.6,,-27.0
="2017-02-16 00:00:00",7.7,-1.6,-0.2,-0.8,-0.3,-0.3,2.3,,-14.6
="2017-02-17 00:00:00",18.8,-1.4,-0.2,-0.5,-0.3,-0.4,13.6,,-3.8
="2017-02-18 00:00:00",7.2,-1.3,-0.1,-0.6,-0.3,-0.4,2.2,,-12.7
="2017-02-19 00:00:00",-0.0,-1.9,-0.2,-0.7,-0.4,-0.6,-5.6,,-21.4
="2017-02-20 00:00:00",19.6,-1.8,-0.2,-0.7,-0.4,-0.5,14.1,,-5.7
="2017-02-21 00:00:00",23.7,-1.7,-0.1,-0.8,-0.3,-0.5,17.9,,0.4
="2017-02-22 00:00:00",23.8,-1.6,-0.1,-0.8,-0.3,-0.4,18.2,,-2.0
="2017-02-23 00:00:00",22.3,-1.8,-0.2,-0.8,-0.3,-0.5,16.8,,-4.2
="2017-02-24 00:00:00",24.0,-1.0,-0.1,-0.6,-0.1,-0.2,20.3,,2.9
="2017-02-25 00:00:00",0.0,0.0,0.0,0.0,0.0,0.0,0.0,,-15.5
="2017-02-26 00:00:00",3.2,-1.1,-0.1,-0.4,-0.2,-0.3,0.9,,-12.7
="2017-02-27 00:00:00",9.5,-1.9,-0.2,-0.7,-0.4,-0.6,4.0,,-15.3
="2017-02-28 00:00:00",15.5,-2.0,-0.2,-1.0,-0.3,-0.6,9.8,,-12.4
="2017-03-01 00:00:00",9.7,-2.1,-0.1,-1.6,-0.2,-0.3,3.5,,-19.4
="2017-03-02 00:00:00",-0.0,-3.5,-0.5,-1.5,-0.5,-0.9,-7.5,,-24.5
="2017-03-03 00:00:00",4.4,-1.1,-0.1,-0.4,-0.2,-0.5,-0.6,,-18.9
="2017-03-04 00:00:00",28.4,-2.1,-0.3,-0.9,-0.5,-0.5,22.4,,5.7
="2017-03-05 00:00:00",-0.0,-1.8,-0.1,-0.8,-0.4,-0.5,-5.4,,-22.7
="2017-03-06 00:00:00",4.4,6.8,1.9,1.5,1.7,1.7,7.4,,-11.6
="2017-03-07 00:00:00",-0.0,-9.7,-2.4,-2.4,-2.4,-2.4,-13.3,,-35.2
="2017-03-08 00:00:00",5.4,1.1,0.3,0.3,0.3,0.3,2.8,,-16.7
="2017-03-09 00:00:00",6.8,-4.4,-0.4,-2.4,-0.4,-1.3,-1.1,,-19.1
="2017-03-10 00:00:00",37.9,-2.9,-0.6,-0.9,-0.7,-0.7,31.1,,14.3
="2017-03-11 00:00:00",-0.0,-1.2,0.0,-0.7,-0.2,-0.4,-5.0,,-21.7
="2017-03-12 00:00:00",-0.0,9.7,2.5,1.6,3.1,2.5,5.8,,-8.4
="2017-03-13 01:00:00",5.4,-22.0,-5.1,-5.7,-5.7,-5.5,-18.6,,-33.7
="2017-03-14 01:00:00",6.8,-3.4,-0.3,-1.4,-1.0,-0.7,0.9,,-13.8
="2017-03-15 01:00:00",8.9,-3.3,-0.1,-1.5,-1.4,-0.3,2.9,,-11.5
="2017-03-16 01:00:00",4.7,-2.5,-0.2,-1.3,-0.8,-0.2,-0.6,,-14.8
="2017-03-17 01:00:00",-0.0,-2.6,-0.2,-1.0,-0.8,-0.6,-5.2,,-21.3
="2017-03-18 01:00:00",28.2,-2.6,-0.3,-1.2,-0.8,-0.3,22.8,,8.3
="2017-03-19 01:00:00",35.4,-3.0,-0.3,-1.3,-0.9,-0.5,29.6,,16.0
="2017-03-20 01:00:00",30.2,-2.7,-0.3,-1.1,-0.8,-0.5,24.7,,7.7
="2017-03-21 01:00:00",6.7,-2.5,-0.1,-1.2,-0.9,-0.3,1.7,,-13.6
="2017-03-22 01:00:00",5.0,-2.7,-0.4,-1.1,-0.8,-0.4,-0.5,,-16.7
="2017-03-23 01:00:00",14.9,-2.9,-0.3,-1.2,-0.9,-0.5,9.5,,-5.8
="2017-03-24 01:00:00",5.2,-2.0,-0.3,-0.7,-0.6,-0.4,1.5,,-12.2
="2017-03-25 01:00:00",0.0,0.0,0.0,0.0,0.0,0.0,0.0,,-11.8
="2017-03-26 01:00:00",0.1,-1.0,-0.1,-0.5,-0.3,-0.1,-1.6,,-12.8
="2017-03-27 01:00:00",18.4,-3.3,-0.5,-1.2,-1.0,-0.6,12.5,,-1.4
="2017-03-28 01:00:00",0.4,-2.2,-0.0,-1.1,-0.7,-0.4,-4.5,,-20.2
="2017-03-29 01:00:00",12.2,-2.4,-0.1,-1.1,-0.8,-0.4,7.1,,-8.1
="2017-03-30 01:00:00",38.6,-3.2,-0.6,-1.1,-0.9,-0.6,32.5,,15.3
="2017-03-31 01:00:00",22.6,-3.3,-0.2,-1.8,-1.1,-0.2,16.5,,2.5
="2017-04-01 01:00:00",16.3,-2.3,-0.2,-0.9,-0.6,-0.5,11.3,,-4.1
="2017-04-02 01:00:00",54.9,-2.7,-0.3,-1.0,-0.8,-0.5,49.2,,33.6
="2017-04-03 01:00:00",47.9,-3.1,-0.3,-1.2,-1.0,-0.6,41.9,,25.8
="2017-04-04 01:00:00",13.1,-3.5,-0.3,-1.5,-1.1,-0.6,7.2,,-7.5
="2017-04-05 01:00:00",2.5,-3.3,-0.5,-1.3,-1.0,-0.5,-3.1,,-19.2
="2017-04-06 01:00:00",6.9,-1.0,0.3,-0.8,-0.4,-0.0,3.8,,-10.5
="2017-04-07 01:00:00",11.3,-7.4,-1.1,-3.4,-1.8,-1.1,1.9,,-11.0
="2017-04-08 01:00:00",7.9,-2.8,-0.2,-1.2,-0.9,-0.5,2.6,,-8.3
="2017-04-09 01:00:00",27.1,-2.4,-0.4,-0.8,-0.7,-0.4,22.1,,11.2
="2017-04-10 01:00:00",22.6,-2.8,-0.2,-1.1,-0.9,-0.5,17.3,,5.0
="2017-04-11 01:00:00",54.9,-3.5,-0.5,-1.4,-1.0,-0.6,48.5,,34.1
="2017-04-12 01:00:00",9.7,-3.3,-0.3,-1.4,-1.0,-0.5,4.1,,-9.4
="2017-04-13 01:00:00",20.6,-3.1,-0.3,-1.4,-0.9,-0.5,14.9,,0.4
="2017-04-14 01:00:00",36.4,-3.2,-0.4,-1.4,-0.9,-0.5,30.4,,18.6
="2017-04-15 01:00:00",21.8,0.4,0.2,0.0,0.1,0.1,19.6,,9.1
="2017-04-16 01:00:00",41.9,-3.2,-0.5,-1.2,-0.9,-0.6,36.3,,27.0
="2017-04-17 01:00:00",14.9,-3.7,-0.3,-1.7,-1.2,-0.5,9.3,,-0.0
="2017-04-18 01:00:00",25.5,-6.7,-0.9,-2.6,-1.8,-1.3,16.6,,4.2
="2017-04-19 01:00:00",14.1,-3.7,-0.5,-1.6,-1.1,-0.5,8.2,,-5.1
="2017-04-20 01:00:00",25.8,-3.6,-0.4,-1.6,-1.0,-0.7,20.2,,7.4
="2017-04-21 01:00:00",57.5,-3.1,-0.5,-1.0,-1.0,-0.6,51.7,,37.3
="2017-04-22 01:00:00",2.8,-2.8,-0.3,-1.2,-0.9,-0.4,-2.2,,-11.2
="2017-04-23 01:00:00",23.9,-3.3,-0.3,-1.4,-1.1,-0.6,18.3,,9.3
="2017-04-24 01:00:00",45.5,-3.3,-0.5,-1.3,-0.9,-0.5,40.5,,24.8
="2017-04-25 01:00:00",16.6,-3.5,-0.4,-1.4,-1.1,-0.7,10.1,,-1.6
="2017-04-26 01:00:00",40.8,-3.5,-0.6,-1.2,-1.0,-0.8,34.8,,22.3
="2017-04-27 01:00:00",36.2,-2.7,-0.2,-1.4,-0.8,-0.4,31.2,,20.1
="2017-04-28 01:00:00",32.5,-3.0,-0.4,-0.9,-0.9,-0.8,27.8,,16.7
="2017-04-29 01:00:00",0.0,0.0,0.0,0.0,0.0,0.0,0.0,,-9.4
="2017-04-30 01:00:00",-0.0,-1.1,-0.3,-0.3,-0.3,-0.2,-1.5,,-9.8
="2017-05-01 01:00:00",12.4,-2.3,-0.1,-1.0,-0.8,-0.5,7.9,,-5.9
="2017-05-02 01:00:00",50.5,-3.4,-0.4,-1.4,-1.0,-0.6,44.4,,32.7
="2017-05-03 01:00:00",4.7,-2.8,-0.3,-1.1,-0.8,-0.6,-0.5,,-14.1
="2017-05-04 01:00:00",55.2,-3.3,-0.5,-1.1,-1.0,-0.7,49.2,,35.8
="2017-05-05 01:00:00",16.7,-2.8,-0.2,-1.2,-0.9,-0.4,11.7,,-3.3
="2017-05-06 01:00:00",62.6,0.9,0.5,-0.1,0.1,0.3,60.2,,45.8
="2017-05-07 01:00:00",53.3,-3.8,-1.4,-0.9,-0.8,-0.6,46.7,,34.4
="2017-05-08 01:00:00",45.4,-6.1,-0.0,-2.6,-1.9,-1.6,36.7,,24.3
="2017-05-09 01:00:00",45.3,-2.6,0.0,-1.1,-0.8,-0.6,40.0,,27.2
="2017-05-10 01:00:00",27.4,-4.3,-0.1,-2.3,-1.1,-0.8,20.8,,5.8
="2017-05-11 01:00:00",9.7,-2.6,0.0,-1.2,-0.8,-0.5,5.0,,-7.5
="2017-05-12 01:00:00",33.1,-3.0,0.0,-1.4,-0.8,-0.8,27.4,,16.0
="2017-05-13 01:00:00",34.7,-3.2,0.0,-1.2,-1.0,-0.9,28.9,,19.2
="2017-05-14 01:00:00",33.9,-2.6,0.0,-1.0,-0.7,-0.9,28.7,,19.0
="2017-05-15 01:00:00",9.2,-2.2,0.0,-1.1,-0.5,-0.5,4.6,,-9.3
="2017-05-16 01:00:00",33.6,-1.8,0.0,-0.9,-0.5,-0.4,29.2,,16.8
="2017-05-17 01:00:00",23.9,-3.6,0.0,-1.8,-1.0,-0.8,17.8,,5.3
="2017-05-18 01:00:00",37.6,-2.6,0.0,-1.0,-0.9,-0.7,32.4,,20.6
="2017-05-19 01:00:00",40.3,-2.2,0.0,-1.1,-0.7,-0.5,35.6,,23.4
="2017-05-20 01:00:00",64.4,-2.4,0.0,-1.0,-0.8,-0.7,59.1,,45.9
="2017-05-21 01:00:00",54.2,-2.8,0.0,-1.2,-0.9,-0.7,48.9,,35.7
="2017-05-22 01:00:00",53.6,-2.4,0.0,-1.0,-0.8,-0.6,49.1,,33.0
="2017-05-23 01:00:00",66.1,-2.6,0.0,-1.3,-0.8,-0.5,61.0,,49.0
="2017-05-24 01:00:00",54.2,-2.0,0.0,-0.9,-0.6,-0.5,49.3,,33.7
="2017-05-25 01:00:00",64.7,-2.8,0.0,-1.2,-0.9,-0.7,58.8,,44.6
="2017-05-26 01:00:00",52.7,-1.4,0.0,-0.4,-0.3,-0.8,48.6,,33.9
="2017-05-27 01:00:00",46.5,-0.3,0.0,0.0,0.0,-0.3,43.8,,32.9
="2017-05-28 01:00:00",20.5,-1.8,-0.0,-1.1,-0.5,-0.1,17.7,,7.7
="2017-05-29 01:00:00",56.4,-2.3,0.0,-0.9,-0.7,-0.7,51.8,,39.9
="2017-05-30 01:00:00",11.4,-3.7,0.0,-1.4,-1.3,-1.0,5.9,,-9.9
="2017-05-31 01:00:00",31.9,-2.5,0.0,-1.2,-0.7,-0.6,27.2,,11.6
="2017-06-01 01:00:00",22.1,-3.3,0.0,-1.5,-1.0,-0.8,16.9,,6.8
="2017-06-02 01:00:00",34.0,-2.5,0.0,-1.1,-0.8,-0.6,29.5,,17.4
="2017-06-03 01:00:00",36.8,-4.0,0.0,-1.9,-1.3,-0.9,30.8,,17.9
="2017-06-04 01:00:00",60.9,-2.6,0.0,-1.1,-0.7,-0.8,55.7,,44.5
="2017-06-05 01:00:00",68.4,-3.1,0.0,-1.3,-1.0,-0.8,62.8,,46.4
="2017-06-06 01:00:00",37.5,-2.6,0.0,-1.2,-0.8,-0.6,33.2,,19.0
="2017-06-07 01:00:00",37.9,-2.7,0.0,-1.2,-0.9,-0.6,33.4,,20.7
="2017-06-08 01:00:00",10.9,-2.5,0.0,-1.1,-0.7,-0.7,6.5,,-5.0
="2017-06-09 01:00:00",44.3,-3.1,0.0,-1.2,-1.0,-0.8,39.1,,26.4
="2017-06-10 01:00:00",35.2,-2.8,0.0,-1.2,-0.8,-0.7,30.4,,17.0
="2017-06-11 01:00:00",50.1,-2.9,0.0,-1.2,-0.9,-0.7,44.6,,32.1
="2017-06-12 01:00:00",48.3,-3.0,0.0,-1.3,-1.0,-0.8,42.8,,29.3
="2017-06-13 01:00:00",17.2,-3.4,0.0,-1.3,-1.1,-1.0,11.7,,-2.1
="2017-06-14 01:00:00",28.3,-2.8,0.0,-1.4,-0.9,-0.5,23.4,,9.5
="2017-06-15 01:00:00",8.0,-2.2,0.0,-0.9,-0.6,-0.7,4.4,,-7.2
="2017-06-16 01:00:00",17.9,0.0,0.0,0.0,0.0,0.0,16.2,,8.4
="2017-06-17 01:00:00",35.8,0.0,0.0,0.0,0.0,0.0,32.4,,22.2
="2017-06-18 01:00:00",10.8,0.0,0.0,0.0,0.0,0.0,7.5,,-2.4
="2017-06-19 01:00:00",33.6,-2.9,-0.8,-0.8,-0.7,-0.6,28.6,,17.5
="2017-06-20 01:00:00",47.1,-3.4,0.0,-1.6,-1.1,-0.7,41.7,,28.8
="2017-06-21 01:00:00",60.6,-3.1,0.0,-1.3,-1.0,-0.8,55.0,,42.3
="2017-06-22 01:00:00",61.9,-4.2,0.0,-2.2,-1.1,-0.8,55.4,,42.9
="2017-06-23 01:00:00",36.6,-2.3,0.0,-1.0,-0.7,-0.5,32.8,,19.2
="2017-06-24 01:00:00",26.6,-1.5,0.0,-0.5,-0.4,-0.6,24.1,,13.6
="2017-06-25 01:00:00",25.3,-2.1,-0.3,-0.8,-0.7,-0.4,22.0,,10.8
="2017-06-26 01:00:00",33.4,-1.6,0.0,-0.6,-0.5,-0.5,30.5,,19.0
="2017-06-27 01:00:00",56.6,-2.5,0.0,-1.1,-0.8,-0.6,52.4,,37.1
="2017-06-28 01:00:00",55.1,-3.1,0.0,-1.3,-1.0,-0.9,49.8,,36.5
="2017-06-29 01:00:00",42.0,-2.7,0.0,-1.3,-0.9,-0.6,37.5,,20.8
="2017-06-30 01:00:00",37.8,-2.7,0.0,-1.2,-0.9,-0.6,33.6,,22.4
="2017-07-01 01:00:00",46.5,-3.3,0.0,-1.5,-0.9,-0.9,41.4,,28.0
="2017-07-02 01:00:00",41.7,-1.8,0.0,-0.5,-0.6,-0.6,38.5,,27.3
="2017-07-03 01:00:00",62.0,-2.7,0.0,-1.1,-0.9,-0.7,57.5,,45.7
="2017-07-04 01:00:00",46.4,-2.5,0.0,-1.2,-0.9,-0.4,42.1,,28.4
="2017-07-05 01:00:00",31.9,-2.7,0.0,-1.2,-0.7,-0.8,27.7,,13.9
="2017-07-06 01:00:00",37.1,-2.7,0.0,-1.0,-1.0,-0.7,32.8,,18.7
="2017-07-07 01:00:00",56.2,-3.0,0.0,-1.3,-0.9,-0.9,51.2,,39.3
="2017-07-08 01:00:00",44.2,-2.2,0.0,-1.0,-0.8,-0.5,40.2,,29.2
="2017-07-09 01:00:00",43.5,-3.1,0.0,-1.4,-1.0,-0.8,38.8,,28.6
="2017-07-10 01:00:00",43.8,-3.1,0.0,-1.2,-1.0,-0.9,39.0,,27.5
="2017-07-11 01:00:00",49.8,0.1,-0.7,-0.1,0.2,0.6,48.4,,31.6
="2017-07-12 01:00:00",30.7,-7.5,-0.3,-2.6,-2.3,-2.2,22.9,,12.0
="2017-07-13 01:00:00",31.2,-5.2,0.0,-2.3,-1.6,-1.3,25.3,,14.9
="2017-07-14 01:00:00",50.3,-4.1,0.0,-1.9,-1.2,-1.0,45.2,,33.9
="2017-07-15 01:00:00",53.0,-1.3,0.0,-0.0,-0.0,-1.3,48.8,,36.2
="2017-07-16 01:00:00",45.0,-1.4,0.0,0.0,0.0,-1.4,40.4,,27.8
="2017-07-17 01:00:00",35.6,-4.0,-0.0,-1.5,-1.1,-1.4,30.4,,18.7
="2017-07-18 01:00:00",59.9,-2.9,0.0,-1.1,-1.0,-0.8,56.0,,41.2
="2017-07-19 01:00:00",41.1,-2.9,0.0,-1.3,-0.9,-0.7,37.5,,24.2
="2017-07-20 01:00:00",43.4,-4.1,0.0,-1.7,-1.3,-1.2,38.3,,24.9
="2017-07-21 01:00:00",29.4,-3.6,0.0,-1.5,-1.1,-0.9,25.0,,11.6
="2017-07-22 01:00:00",17.3,-1.5,0.0,-0.4,-0.3,-0.8,13.7,,2.8
="2017-07-23 01:00:00",56.6,-1.4,0.0,0.0,0.0,-1.4,52.1,,40.9
="2017-07-24 01:00:00",60.1,-4.2,0.0,-1.6,-1.1,-1.6,54.0,,41.0
="2017-07-25 01:00:00",57.0,-2.5,0.0,-1.0,-0.8,-0.7,53.5,,41.8
="2017-07-26 01:00:00",50.1,-3.6,0.0,-1.6,-1.1,-0.9,45.7,,32.4
="2017-07-27 01:00:00",54.8,-3.9,0.0,-1.7,-1.2,-1.0,49.7,,36.3
="2017-07-28 01:00:00",60.6,-3.4,0.0,-1.4,-1.1,-0.9,55.8,,43.7
="2017-07-29 01:00:00",62.0,-0.9,0.0,0.0,0.0,-1.0,58.1,,44.5
="2017-07-30 01:00:00",48.7,-4.7,-0.9,-1.4,-1.1,-1.3,42.2,,28.2
="2017-07-31 01:00:00",45.2,-2.5,0.0,-1.0,-0.8,-0.7,41.7,,27.1
="2017-08-01 01:00:00",44.1,-3.7,0.0,-1.8,-1.1,-0.8,39.8,,27.7
="2017-08-02 01:00:00",44.3,-3.7,0.0,-1.6,-1.2,-0.9,39.6,,27.0
="2017-08-03 01:00:00",38.2,-3.9,0.0,-1.5,-1.2,-1.2,33.3,,19.5
="2017-08-04 01:00:00",,,,,,,,,
="2017-08-05 01:00:00",,,,,,,,,
="2017-08-06 01:00:00",,,,,,,,,
="2017-08-07 01:00:00",34.5,-2.2,0.8,-1.0,-1.1,-0.9,30.8,,18.3
="2017-08-08 01:00:00",31.9,0.2,-0.1,0.1,0.1,0.1,30.5,,17.8
="2017-08-09 01:00:00",29.4,0.3,0.0,0.1,0.1,0.1,27.9,,17.6
="2017-08-10 01:00:00",62.9,-8.9,0.0,-3.1,-3.1,-2.8,52.4,,36.0
="2017-08-11 01:00:00",51.8,-10.8,0.0,-4.1,-4.0,-2.7,39.0,,24.7
="2017-08-12 01:00:00",28.1,0.9,0.0,0.2,0.3,0.4,26.6,,14.8
="2017-08-13 01:00:00",20.0,-7.7,0.0,-2.9,-2.6,-2.2,10.5,,-0.6
="2017-08-14 01:00:00",36.7,-1.2,0.0,-0.5,-0.4,-0.3,33.1,,20.8
="2017-08-15 01:00:00",45.6,-1.8,0.0,-0.6,-0.6,-0.5,41.3,,26.2
="2017-08-16 01:00:00",41.8,-3.3,0.0,-1.4,-1.2,-0.7,36.5,,25.4
="2017-08-17 01:00:00",49.9,-6.5,0.0,-2.6,-2.2,-1.8,41.3,,29.0
="2017-08-18 01:00:00",21.4,-1.7,0.0,-0.7,-0.5,-0.5,18.3,,6.6
="2017-08-19 01:00:00",0.0,0.0,0.0,0.0,0.0,0.0,0.0,,-8.3
="2017-08-20 01:00:00",0.0,0.0,0.0,0.0,0.0,0.0,0.0,,-7.8
="2017-08-21 01:00:00",0.0,0.0,0.0,0.0,0.0,0.0,0.0,,-9.8
="2017-08-22 01:00:00",35.2,-2.7,0.0,-1.5,-0.6,-0.5,31.9,,17.0
="2017-08-23 01:00:00",13.1,-1.1,0.0,-0.4,-0.5,-0.3,11.3,,0.0
="2017-08-24 01:00:00",42.4,-3.7,0.0,-1.5,-1.2,-1.0,36.7,,24.0
="2017-08-25 01:00:00",31.0,-1.8,0.0,-0.8,-0.6,-0.5,27.9,,12.8
="2017-08-26 01:00:00",0.0,0.0,0.0,0.0,0.0,0.0,0.0,,-7.4
="2017-08-27 01:00:00",,,,,,,,,
="2017-08-28 01:00:00",36.5,-1.0,0.0,-0.4,-0.3,-0.3,34.9,,23.3
="2017-08-29 01:00:00",20.6,-0.9,0.0,-0.4,-0.3,-0.3,19.3,,8.3
="2017-08-30 01:00:00",31.0,-1.8,0.0,-0.8,-0.6,-0.4,28.1,,12.5
="2017-08-31 01:00:00",26.4,-2.1,0.0,-0.8,-0.7,-0.6,23.0,,10.3
="2017-09-01 01:00:00",37.2,-1.4,0.0,-0.7,-0.5,-0.2,35.2,,22.1
="2017-09-02 01:00:00",0.0,0.0,0.0,0.0,0.0,0.0,0.0,,-7.5
="2017-09-03 01:00:00",0.0,0.0,0.0,0.0,0.0,0.0,0.0,,-8.0
="2017-09-04 01:00:00",0.0,0.0,0.0,0.0,0.0,0.0,0.0,,-9.0
="2017-09-05 01:00:00",7.7,-2.3,0.0,-0.9,-0.7,-0.7,4.6,,-7.5
="2017-09-06 01:00:00",20.7,-3.2,0.0,-1.3,-1.1,-0.8,15.8,,2.6
="2017-09-07 01:00:00",22.0,-2.4,0.0,-1.0,-0.8,-0.6,17.9,,-0.4
="2017-09-08 01:00:00",9.4,-4.2,0.0,-1.8,-1.4,-1.0,3.5,,-11.1
="2017-09-09 01:00:00",-0.0,-3.0,0.0,-1.2,-0.9,-0.8,-5.0,,-17.7
="2017-09-10 01:00:00",38.5,-2.9,0.0,-1.2,-0.9,-0.7,33.5,,19.4
="2017-09-11 01:00:00",46.8,-3.1,0.0,-1.2,-1.0,-0.8,41.4,,25.7
="2017-09-12 01:00:00",45.6,-17.5,0.0,-6.6,-6.3,-4.6,26.6,,7.0
="2017-09-13 01:00:00",42.5,-2.9,0.0,-1.1,-0.9,-0.9,37.3,,20.1
="2017-09-14 01:00:00",31.0,-2.1,0.0,-0.9,-0.7,-0.5,27.1,,10.5
="2017-09-15 01:00:00",35.1,-0.0,0.0,-0.0,-0.0,-0.0,33.2,,18.4
="2017-09-16 01:00:00",28.4,-0.0,0.0,-0.0,0.0,0.0,26.2,,14.4
="2017-09-17 01:00:00",7.3,-0.2,0.0,-0.3,0.1,0.0,5.3,,-4.8
="2017-09-18 01:00:00",31.5,-15.4,-3.4,-5.1,-3.9,-3.0,14.4,,0.0
="2017-09-19 01:00:00",9.6,-3.9,-0.5,-1.5,-1.2,-0.7,4.0,,-10.0
="2017-09-20 01:00:00",39.3,-2.8,-0.5,-1.0,-0.8,-0.5,34.4,,16.1
="2017-09-21 01:00:00",12.8,-5.3,-0.7,-2.0,-1.6,-1.0,4.9,,-15.2
="2017-09-22 01:00:00",27.8,-2.1,-0.5,-0.6,-0.5,-0.4,24.5,,10.0
="2017-09-23 01:00:00",0.0,0.0,0.0,0.0,0.0,0.0,0.0,,-14.4
="2017-09-24 01:00:00",22.3,-1.7,-0.3,-0.5,-0.5,-0.4,19.6,,9.5
="2017-09-25 01:00:00",10.5,-3.5,-0.4,-1.4,-1.1,-0.5,5.4,,-8.7
="2017-09-26 01:00:00",34.6,-3.5,-0.6,-1.2,-1.0,-0.8,29.1,,10.7
="2017-09-27 01:00:00",38.0,-3.6,-0.5,-1.3,-1.1,-0.7,32.5,,16.8
="2017-09-28 01:00:00",36.9,-3.8,-0.6,-1.4,-1.1,-0.8,31.3,,15.2
="2017-09-29 01:00:00",-0.1,-3.6,-0.6,-1.3,-1.1,-0.7,-5.7,,-21.8
="2017-09-30 01:00:00",15.9,-3.1,-0.5,-1.2,-0.9,-0.6,11.0,,-0.1
="2017-10-01 01:00:00",30.7,-3.6,-0.5,-1.3,-1.0,-0.7,25.0,,13.9
="2017-10-02 01:00:00",37.2,-3.6,-0.5,-1.3,-1.0,-0.7,31.5,,16.0
="2017-10-03 01:00:00",37.3,-3.3,-0.4,-1.3,-1.0,-0.7,31.8,,15.3
="2017-10-04 01:00:00",35.9,-3.1,-0.4,-1.2,-0.9,-0.6,30.6,,12.3
="2017-10-05 01:00:00",35.1,-4.0,-0.6,-1.4,-1.1,-0.8,29.1,,15.9
="2017-10-06 01:00:00",4.8,-2.6,-0.3,-1.0,-0.8,-0.5,1.2,,-11.5
="2017-10-07 01:00:00",14.6,3.2,1.2,0.1,0.7,1.1,15.8,,4.4
="2017-10-08 01:00:00",33.4,-4.7,-1.0,-1.6,-1.1,-1.1,26.6,,16.1
="2017-10-09 01:00:00",28.1,-3.5,-0.6,-1.3,-0.8,-0.8,22.7,,12.7
="2017-10-10 01:00:00",14.8,-8.6,-1.5,-2.9,-2.3,-1.9,4.3,,-10.4
="2017-10-11 01:00:00",12.9,-3.1,-0.5,-1.0,-0.9,-0.7,7.6,,-8.0
="2017-10-12 01:00:00",6.9,-3.6,-0.3,-1.5,-1.2,-0.6,1.3,,-13.8
="2017-10-13 01:00:00",25.7,-2.3,-0.2,-1.1,-0.6,-0.3,21.1,,2.7
="2017-10-14 01:00:00",6.8,-3.2,-0.3,-1.4,-0.8,-0.7,1.1,,-18.8
="2017-10-15 01:00:00",0.0,-3.4,-0.4,-1.4,-0.4,-1.1,-6.2,,-17.7
="2017-10-16 01:00:00",0.0,2.8,1.0,0.3,0.8,0.8,0.5,,-18.6
="2017-10-17 01:00:00",27.5,-9.6,-2.0,-2.9,-2.6,-2.1,16.0,,-4.8
="2017-10-18 01:00:00",-0.1,-3.0,-0.3,-1.3,-0.9,-0.5,-5.2,,-22.7
="2017-10-19 01:00:00",-0.1,-3.1,-0.3,-1.3,-0.9,-0.6,-5.2,,-24.5
="2017-10-20 01:00:00",1.9,0.8,0.5,-0.3,0.1,0.5,0.7,,2.0
="2017-10-21 01:00:00",0.4,1.1,0.3,0.3,0.3,0.3,-1.8,,-8.6
="2017-10-22 01:00:00",14.9,-1.8,0.0,0.0,0.0,-1.8,9.4,,-4.0
="2017-10-23 01:00:00",9.0,-7.0,-1.7,-2.3,-2.1,-0.9,-0.4,,-14.0
="2017-10-24 01:00:00",28.8,-3.0,-0.4,-1.2,-0.9,-0.5,23.3,,8.3
="2017-10-25 01:00:00",1.7,-3.9,-0.6,-1.3,-1.1,-0.9,-4.3,,-19.2
="2017-10-26 01:00:00",18.6,-4.1,-0.5,-1.7,-1.2,-0.7,12.3,,-6.2
="2017-10-27 01:00:00",23.8,-3.2,-0.4,-1.3,-0.9,-0.6,18.1,,5.4
="2017-10-28 01:00:00",24.1,-2.7,-0.3,-1.1,-0.8,-0.5,18.9,,5.4
="2017-10-29 01:00:00",22.3,-3.5,-0.5,-1.2,-1.0,-0.8,16.3,,3.5
="2017-10-30 01:00:00",23.1,-3.7,-0.5,-1.4,-1.1,-0.8,17.0,,2.9
="2017-10-31 01:00:00",18.8,-3.2,-0.5,-1.2,-0.9,-0.6,13.2,,-1.2
="2017-11-01 01:00:00",14.8,-3.3,-0.4,-1.3,-1.0,-0.6,9.1,,-4.4
="2017-11-02 01:00:00",-0.0,-3.1,-0.3,-1.3,-1.0,-0.6,-5.4,,-21.6
="2017-11-03 01:00:00",8.0,-2.5,-0.2,-1.0,-0.8,-0.5,2.9,,-17.0
="2017-11-04 01:00:00",5.6,-3.3,-0.5,-1.3,-0.8,-0.6,-0.5,,-16.3
="2017-11-05 01:00:00",24.8,-2.2,-0.2,-0.9,-0.6,-0.4,20.2,,9.0
="2017-11-06 00:00:00",21.2,-2.4,-0.1,-1.5,-0.5,-0.2,17.8,,1.6
="2017-11-07 00:00:00",8.5,-1.9,-0.1,-0.8,-0.5,-0.5,4.9,,-14.1
="2017-11-08 00:00:00",0.0,-1.0,-0.3,-0.4,-0.2,-0.1,-2.0,,-17.1
="2017-11-09 00:00:00",3.6,-2.6,-0.3,-1.0,-0.7,-0.6,-0.4,,-15.5
="2017-11-10 00:00:00",14.8,-3.3,-0.4,-1.3,-0.9,-0.7,8.8,,-4.3
="2017-11-11 00:00:00",-0.0,-2.9,-0.3,-1.2,-0.8,-0.6,-5.2,,-16.5
="2017-11-12 00:00:00",0.7,-2.0,-0.2,-0.4,-0.3,-1.0,-4.1,,-17.4
="2017-11-13 00:00:00",5.0,-2.5,-0.1,-1.1,-0.8,-0.5,-0.3,,-10.0
="2017-11-14 00:00:00",-0.0,-2.9,-0.6,-1.0,-0.7,-0.6,-5.2,,-22.5
="2017-11-15 00:00:00",9.6,-3.0,-0.4,-1.2,-0.9,-0.6,3.9,,-12.1
="2017-11-16 00:00:00",6.1,-2.7,-0.2,-1.2,-0.8,-0.5,0.6,,-17.6
="2017-11-17 00:00:00",9.3,-3.5,-0.5,-1.2,-1.0,-0.8,3.2,,-12.5
="2017-11-18 00:00:00",3.3,-3.1,-0.5,-1.2,-0.8,-0.6,-2.4,,-17.9
="2017-11-19 00:00:00",0.5,-2.5,-0.2,-1.2,-0.8,-0.5,-4.6,,-16.9
="2017-11-20 00:00:00",5.3,-3.2,-0.3,-1.2,-0.9,-0.7,-0.5,,-16.8
="2017-11-21 00:00:00",-0.0,-3.2,-0.4,-1.2,-0.9,-0.7,-5.6,,-27.4
="2017-11-22 00:00:00",2.4,-3.0,-0.5,-1.2,-0.8,-0.5,-2.9,,-20.3
="2017-11-23 00:00:00",10.4,-2.6,-0.3,-0.9,-0.7,-0.6,5.7,,-12.6
="2017-11-24 00:00:00",1.7,-4.5,-0.6,-1.7,-1.2,-0.9,-4.8,,-20.5
="2017-11-25 00:00:00",4.0,-3.1,-0.5,-1.1,-0.9,-0.6,-1.5,,-14.2
="2017-11-26 00:00:00",1.4,-1.1,-0.1,-0.4,-0.3,-0.2,-1.7,,-14.1
="2017-11-27 00:00:00",11.6,-3.2,-0.3,-1.6,-0.8,-0.5,6.9,,-9.8
="2017-11-28 00:00:00",-0.0,-3.2,-0.5,-1.1,-0.8,-0.7,-5.0,,-22.3
="2017-11-29 00:00:00",-0.0,-2.0,-0.2,-0.7,-0.6,-0.5,-4.0,,-24.3
="2017-11-30 00:00:00",1.2,-5.2,-0.9,-2.0,-1.2,-1.1,-6.2,,-27.2
="2017-12-01 00:00:00",-0.0,-2.7,-0.3,-0.9,-0.8,-0.6,-4.8,,-22.2
="2017-12-02 00:00:00",1.8,-4.5,-0.5,-1.6,-1.4,-1.0,-5.1,,-20.5
="2017-12-03 00:00:00",6.8,-2.8,-0.3,-1.3,-0.8,-0.5,1.5,,-11.9
="2017-12-04 00:00:00",4.7,-4.1,-0.6,-1.7,-1.1,-0.7,-1.7,,-24.8
="2017-12-05 00:00:00",15.1,-3.5,-0.4,-1.5,-0.9,-0.8,9.1,,-9.2
="2017-12-06 00:00:00",15.0,-2.9,-0.4,-1.2,-0.7,-0.6,10.3,,-10.6
="2017-12-07 00:00:00",6.8,-3.7,-0.2,-2.1,-0.8,-0.6,1.6,,-15.7
="2017-12-08 00:00:00",3.7,-3.0,-0.4,-1.2,-0.7,-0.6,-1.7,,-21.0
="2017-12-09 00:00:00",11.3,-3.0,-0.3,-1.2,-0.9,-0.6,5.7,,-12.6
="2017-12-10 00:00:00",11.0,-3.1,-0.5,-1.2,-0.8,-0.6,5.3,,-13.2
="2017-12-11 00:00:00",14.2,-3.3,-0.2,-1.7,-0.8,-0.7,8.7,,-8.7
="2017-12-12 00:00:00",6.3,-3.1,-0.5,-1.2,-1.0,-0.4,0.8,,-18.5
="2017-12-13 00:00:00",9.1,-3.2,-0.3,-1.1,-0.9,-0.9,3.4,,-15.8
="2017-12-14 00:00:00",10.4,-2.9,-0.4,-1.2,-0.8,-0.5,4.9,,-15.0
="2017-12-15 00:00:00",-0.0,-2.4,-0.2,-0.9,-0.7,-0.6,-4.0,,-22.4
="2017-12-16 00:00:00",0.0,0.0,0.0,0.0,0.0,0.0,0.0,,-11.2
="2017-12-17 00:00:00",0.0,0.0,0.0,0.0,0.0,0.0,0.0,,-15.9
="2017-12-18 00:00:00",5.6,-2.5,-0.5,-0.9,-0.7,-0.5,1.8,,-14.2
="2017-12-19 00:00:00",-0.0,-3.5,-0.3,-1.8,-0.8,-0.6,-5.7,,-22.1
="2017-12-20 00:00:00",1.3,-2.3,-0.4,-0.7,-0.7,-0.6,-3.4,,-25.0
="2017-12-21 00:00:00",0.1,-5.9,-0.8,-2.2,-1.5,-1.3,-8.9,,-27.2
="2017-12-22 00:00:00",8.2,-1.9,-0.2,-0.9,-0.5,-0.3,4.8,,-12.3
="2017-12-23 00:00:00",0.0,0.0,0.0,0.0,0.0,0.0,0.0,,-15.5
="2017-12-24 00:00:00",0.0,0.0,0.0,0.0,0.0,0.0,0.0,,-14.3
="2017-12-25 00:00:00",0.0,0.0,0.0,0.0,0.0,0.0,0.0,,-13.4
="2017-12-26 00:00:00",0.0,0.0,0.0,0.0,0.0,0.0,0.0,,-12.9
="2017-12-27 00:00:00",0.0,0.0,0.0,0.0,0.0,0.0,0.0,,-14.3
="2017-12-28 00:00:00",0.0,0.0,0.0,0.0,0.0,0.0,0.0,,-14.9
="2017-12-29 00:00:00",0.0,0.0,0.0,0.0,0.0,0.0,0.0,,-13.5
="2017-12-30 00:00:00",0.0,0.0,0.0,0.0,0.0,0.0,0.0,,-12.8
="2017-12-31 00:00:00",0.0,0.0,0.0,0.0,0.0,0.0,0.0,,-17.0
="2018-01-01 00:00:00",0.0,0.0,0.0,0.0,0.0,0.0,0.0,,-19.7
="2018-01-02 00:00:00",0.0,0.0,0.0,0.0,0.0,0.0,0.0,,-17.2
="2018-01-03 00:00:00",3.8,-3.9,-0.7,-1.4,-1.0,-0.8,-1.6,,-20.6
="2018-01-04 00:00:00",1.4,-3.1,-0.3,-1.1,-0.9,-0.8,-4.0,,-22.3
="2018-01-05 00:00:00",-0.0,-3.1,-0.3,-1.3,-0.9,-0.7,-5.4,,-22.4
="2018-01-06 00:00:00",-0.0,-3.1,-0.4,-1.2,-0.9,-0.7,-5.5,,-22.3
="2018-01-07 00:00:00",-0.0,-2.9,-0.5,-1.1,-0.8,-0.5,-5.3,,-18.4
="2018-01-08 00:00:00",-0.0,-3.2,-0.3,-1.3,-0.9,-0.7,-5.4,,-30.4
="2018-01-09 00:00:00",9.7,-2.8,-0.4,-1.1,-0.8,-0.5,4.3,,-16.6
="2018-01-10 00:00:00",9.5,-2.0,-0.1,-0.9,-0.6,-0.4,4.9,,-15.7
="2018-01-11 00:00:00",-0.0,-6.8,-1.4,-2.2,-1.8,-1.4,-9.0,,-21.2
="2018-01-12 00:00:00",1.2,-0.0,-0.0,0.0,-0.0,-0.0,-0.1,,-19.3
="2018-01-13 00:00:00",-0.0,0.0,-0.0,0.0,0.0,0.0,-2.2,,-19.3
="2018-01-14 00:00:00",12.0,-0.2,0.0,-0.3,0.0,0.0,9.1,,-6.3
="2018-01-15 00:00:00",10.1,-11.6,-1.6,-4.5,-3.1,-2.5,-3.8,,-23.9
="2018-01-16 00:00:00",7.1,-2.9,-0.3,-1.1,-0.9,-0.7,1.9,,-17.0
="2018-01-17 00:00:00",-0.0,-3.2,-0.4,-1.3,-0.9,-0.5,-5.4,,-25.5
="2018-01-18 00:00:00",6.3,-3.5,-0.6,-1.1,-0.9,-0.9,0.4,,-19.0
="2018-01-19 00:00:00",0.2,-2.4,-0.1,-1.4,-0.5,-0.4,-3.1,,-22.5
="2018-01-20 00:00:00",1.8,-1.8,-0.1,-0.8,-0.5,-0.3,-2.5,,-16.8
="2018-01-21 00:00:00",7.9,-4.4,-0.7,-1.6,-1.2,-0.9,1.0,,-14.4
="2018-01-22 00:00:00",14.2,-2.8,-0.3,-1.2,-0.8,-0.5,8.9,,-12.4
="2018-01-23 00:00:00",0.0,-2.9,-0.5,-0.9,-0.8,-0.7,-5.2,,-27.3
="2018-01-24 00:00:00",0.0,-3.1,-0.5,-1.0,-0.8,-0.7,-5.3,,-26.8
="2018-01-25 00:00:00",-0.0,-3.8,-0.3,-1.9,-1.0,-0.6,-5.9,,-24.5
="2018-01-26 00:00:00",8.6,-2.0,-0.3,-0.6,-0.6,-0.5,4.9,,-10.9
="2018-01-27 00:00:00",0.0,0.0,0.0,0.0,0.0,0.0,0.0,,-12.9
="2018-01-28 00:00:00",0.0,0.0,0.0,0.0,0.0,0.0,0.0,,-12.3
="2018-01-29 00:00:00",-0.0,-3.6,-0.3,-1.8,-0.9,-0.5,-4.7,,-20.1
="2018-01-30 00:00:00",9.1,-3.4,-0.7,-1.0,-0.8,-0.9,3.2,,-12.5
="2018-01-31 00:00:00",3.9,-1.9,-0.0,-0.8,-0.6,-0.4,-0.6,,-19.6
="2018-02-01 00:00:00",0.0,-4.9,-0.7,-2.1,-1.3,-0.9,-7.0,,-24.7
="2018-02-02 00:00:00",2.9,-3.3,-0.5,-1.3,-1.0,-0.5,-2.6,,-19.4
="2018-02-03 00:00:00",1.2,-1.9,-0.2,-0.7,-0.5,-0.5,-3.1,,-17.0
="2018-02-04 00:00:00",2.7,-4.6,-0.7,-1.6,-1.2,-1.0,-4.1,,-18.8
="2018-02-05 00:00:00",7.7,-3.5,-0.5,-1.2,-1.0,-0.8,1.6,,-18.8
="2018-02-06 00:00:00",0.0,-3.1,-0.4,-1.3,-0.9,-0.5,-5.3,,-25.2
="2018-02-07 00:00:00",0.0,-3.0,-0.3,-1.2,-0.9,-0.6,-5.3,,-25.2
="2018-02-08 00:00:00",12.4,-3.4,-0.5,-1.3,-1.0,-0.7,6.5,,-11.6
="2018-02-09 00:00:00",12.4,4.3,1.2,0.8,1.1,1.2,14.1,,-4.2
="2018-02-10 00:00:00",25.0,-5.1,-1.0,-1.7,-1.2,-1.2,17.6,,2.2
="2018-02-11 00:00:00",29.8,-2.1,-0.1,-1.5,-0.2,-0.2,24.9,,5.9
="2018-02-12 00:00:00",30.6,-4.6,-0.7,-1.5,-1.4,-1.0,24.1,,7.6
="2018-02-13 00:00:00",13.5,-10.4,-2.0,-3.2,-2.7,-2.5,0.8,,-19.4
="2018-02-14 00:00:00",5.1,6.4,1.9,1.4,1.6,1.5,8.8,,-15.6
="2018-02-15 00:00:00",8.3,-13.6,-2.6,-4.3,-3.4,-3.3,-7.5,,-28.7
="2018-02-16 00:00:00",12.3,-1.6,-0.4,-0.4,0.1,-0.8,7.7,,-5.5
="2018-02-17 00:00:00",9.8,-5.1,-0.6,-2.0,-1.8,-0.7,2.4,,-13.3
="2018-02-18 00:00:00",2.7,-3.5,-0.4,-1.2,-1.0,-0.9,-3.1,,-21.1
="2018-02-19 00:00:00",26.6,-3.7,-0.6,-1.4,-1.0,-0.8,20.0,,-5.7
="2018-02-20 00:00:00",13.6,-1.4,-0.2,-0.6,-0.4,-0.3,10.6,,-8.6
="2018-02-21 00:00:00",9.4,-2.9,-0.0,-1.4,-0.7,-0.7,4.7,,-19.9
="2018-02-22 00:00:00",0.0,-0.2,-0.1,-0.1,-0.0,-0.0,-0.4,,-25.4
="2018-02-23 00:00:00",0.0,-2.3,-0.5,-0.9,-0.6,-0.3,-3.4,,-25.5
="2018-02-24 00:00:00",0.0,-3.1,-0.2,-1.1,-0.8,-0.9,-5.3,,-19.3
="2018-02-25 00:00:00",18.9,0.9,0.2,0.2,0.2,0.3,16.2,,0.6
="2018-02-26 00:00:00",5.6,-3.8,-0.9,-1.1,-0.9,-0.9,0.2,,-22.1
="2018-02-27 00:00:00",0.0,0.0,0.0,0.0,0.0,0.0,0.0,,-8.5
="2018-02-28 00:00:00",0.0,0.0,0.0,0.0,0.0,0.0,0.0,,-16.0
="2018-03-01 00:00:00",24.5,-0.8,0.2,-0.4,-0.3,-0.2,22.7,,3.1
="2018-03-02 00:00:00",-0.0,-4.8,-0.7,-1.4,-1.4,-1.2,-6.5,,-26.2
="2018-03-03 00:00:00",26.8,-3.6,-0.5,-1.1,-1.1,-0.9,21.1,,2.0
="2018-03-04 00:00:00",13.4,-3.7,-0.4,-1.1,-1.1,-1.0,7.9,,-10.1
="2018-03-05 00:00:00",9.7,-1.6,-0.1,-0.5,-0.5,-0.6,6.0,,-25.4
="2018-03-06 00:00:00",12.7,-5.2,-0.6,-1.5,-1.4,-1.7,5.5,,-14.0
="2018-03-07 00:00:00",18.3,-2.5,-0.2,-0.8,-0.6,-0.9,14.1,,-7.7
="2018-03-08 00:00:00",0.1,-3.7,-0.6,-1.1,-1.1,-0.9,-5.5,,-22.4
="2018-03-09 00:00:00",27.7,-3.2,-0.3,-1.3,-1.0,-0.7,20.8,,-0.0
="2018-03-10 00:00:00",31.2,-2.6,-0.5,-1.1,-0.6,-0.5,25.0,,11.6
="2018-03-11 00:00:00",31.5,-3.0,-0.3,-1.2,-0.8,-0.7,25.0,,12.4
="2018-03-12 01:00:00",33.7,-3.5,-0.5,-1.3,-0.9,-0.7,26.8,,7.3
="2018-03-13 01:00:00",5.1,-3.5,-0.3,-1.6,-0.8,-0.7,-1.2,,-18.9
="2018-03-14 01:00:00",10.4,-2.8,-0.3,-1.1,-0.7,-0.7,4.8,,-15.2
="2018-03-15 01:00:00",37.7,-3.2,-0.4,-1.3,-0.8,-0.7,31.1,,7.6
="2018-03-16 01:00:00",33.2,-3.0,-0.3,-1.3,-0.8,-0.6,26.4,,8.1
="2018-03-17 01:00:00",32.7,3.0,1.1,0.4,0.7,0.8,31.7,,18.5
="2018-03-18 01:00:00",10.5,0.8,0.3,-0.2,0.5,0.2,8.5,,-3.3
="2018-03-19 01:00:00",14.1,-13.1,-2.4,-4.2,-3.5,-3.1,-1.1,,-16.2
="2018-03-20 01:00:00",9.2,-3.2,-0.5,-1.2,-0.8,-0.8,3.1,,-12.3
="2018-03-21 01:00:00",8.0,-4.0,-0.6,-1.7,-1.0,-0.7,0.7,,-16.8
="2018-03-22 01:00:00",2.8,-3.5,-0.6,-1.0,-0.9,-0.9,-3.3,,-21.7
="2018-03-23 01:00:00",9.4,-3.2,-0.2,-1.4,-0.8,-0.8,3.3,,-13.8
="2018-03-24 01:00:00",7.6,-2.9,-0.4,-1.2,-0.7,-0.7,1.7,,-13.8
="2018-03-25 01:00:00",13.0,1.2,0.3,0.2,0.3,0.3,11.1,,-6.7
="2018-03-26 01:00:00",8.4,-4.8,-0.8,-1.9,-1.0,-1.1,1.1,,-18.1
="2018-03-27 01:00:00",17.0,-3.1,-0.3,-1.3,-0.9,-0.6,11.0,,-10.5
="2018-03-28 01:00:00",31.7,-3.5,-0.5,-1.2,-0.9,-0.9,24.9,,8.0
="2018-03-29 01:00:00",8.3,-2.6,-0.3,-1.2,-0.7,-0.5,2.5,,-18.2
="2018-03-30 01:00:00",40.8,-2.9,-0.3,-1.1,-0.7,-0.8,34.4,,22.0
="2018-03-31 01:00:00",41.9,3.2,1.1,0.4,0.8,0.8,41.5,,28.6
="2018-04-01 01:00:00",44.9,-8.9,-1.9,-2.7,-2.1,-2.1,32.6,,19.1
="2018-04-02 01:00:00",50.2,-2.5,-0.2,-1.1,-0.6,-0.6,43.8,,30.1
="2018-04-03 01:00:00",18.1,-3.3,-0.5,-1.2,-0.9,-0.8,11.7,,-5.4
="2018-04-04 01:00:00",19.4,-2.1,-0.2,-0.9,-0.5,-0.5,14.0,,-8.9
="2018-04-05 01:00:00",-0.0,-3.6,-0.4,-1.7,-0.8,-0.8,-6.6,,-26.1
="2018-04-06 01:00:00",20.8,-2.6,-0.1,-1.0,-0.8,-0.7,15.1,,-1.2
="2018-04-07 01:00:00",11.5,-2.9,-0.5,-1.0,-0.7,-0.7,5.5,,-8.3
="2018-04-08 01:00:00",14.4,-3.2,-0.4,-1.2,-0.8,-0.8,7.9,,-3.4
="2018-04-09 01:00:00",31.2,-2.6,-0.3,-1.4,-0.5,-0.5,25.1,,7.1
="2018-04-10 01:00:00",36.9,-2.4,-0.5,-0.7,-0.6,-0.6,30.9,,14.4
="2018-04-11 01:00:00",8.5,-2.8,-0.2,-1.2,-0.7,-0.7,2.5,,-17.6
="2018-04-12 01:00:00",43.9,-3.5,-0.7,-1.3,-0.8,-0.7,36.8,,17.1
="2018-04-13 01:00:00",-0.0,-2.8,-0.1,-1.9,-0.4,-0.4,-5.7,,-26.3
="2018-04-14 01:00:00",26.3,2.1,0.7,0.4,0.5,0.5,25.0,,10.5
="2018-04-15 01:00:00",0.0,13.1,3.9,0.5,4.9,3.9,10.9,,0.0
="2018-04-16 01:00:00",13.0,-21.5,-4.7,-5.6,-5.7,-5.6,-12.1,,-40.0
="2018-04-17 01:00:00",24.0,-1.1,-0.2,-0.3,-0.3,-0.3,19.3,,-0.2
="2018-04-18 01:00:00",42.1,-2.0,-0.4,-0.6,-0.5,-0.5,36.6,,18.8
="2018-04-19 01:00:00",48.3,-1.4,-0.2,-0.4,-0.4,-0.4,43.2,,24.5
="2018-04-20 01:00:00",25.8,-2.3,-0.3,-0.7,-0.6,-0.6,19.9,,5.2
="2018-04-21 01:00:00",54.8,-3.0,-0.4,-1.1,-0.7,-0.8,47.8,,34.8
="2018-04-22 01:00:00",52.9,-2.6,-0.3,-1.0,-0.5,-0.7,46.4,,32.5
="2018-04-23 01:00:00",31.6,-4.0,-0.3,-2.5,-0.5,-0.7,24.1,,6.8
="2018-04-24 01:00:00",53.7,-1.8,-0.3,-0.5,-0.6,-0.4,48.2,,30.2
="2018-04-25 01:00:00",59.8,-2.4,-0.5,-0.8,-0.6,-0.6,53.7,,33.3
="2018-04-26 01:00:00",32.7,-2.2,-0.1,-1.3,-0.4,-0.4,27.7,,9.1
="2018-04-27 01:00:00",56.9,-3.0,-0.6,-0.8,-0.8,-0.7,50.3,,29.3
="2018-04-28 01:00:00",-0.0,-2.0,-0.2,-0.7,-0.5,-0.6,-5.1,,-22.2
="2018-04-29 01:00:00",12.5,1.2,0.4,0.2,0.3,0.3,10.1,,-4.3
="2018-04-30 01:00:00",18.1,-4.0,-0.8,-1.2,-1.0,-0.9,10.8,,-11.0
="2018-05-01 01:00:00",41.6,-2.9,-0.4,-1.0,-0.7,-0.8,35.5,,17.5
="2018-05-02 01:00:00",58.3,-2.5,-0.3,-0.9,-0.6,-0.6,52.3,,35.4
="2018-05-03 01:00:00",51.9,-2.4,-0.5,-0.8,-0.6,-0.6,46.1,,26.7
="2018-05-04 01:00:00",19.8,-2.8,-0.4,-1.0,-0.7,-0.7,14.3,,-0.6
="2018-05-05 01:00:00",60.8,-2.4,-0.5,-0.8,-0.6,-0.6,54.7,,37.1
="2018-05-06 01:00:00",46.1,-3.3,-0.5,-1.7,-0.6,-0.6,39.6,,26.0
="2018-05-07 01:00:00",48.3,-2.3,-0.3,-0.7,-0.6,-0.7,42.4,,26.8
="2018-05-08 01:00:00",47.7,-1.8,-0.3,-0.6,-0.4,-0.4,42.1,,22.3
="2018-05-09 01:00:00",32.3,-2.6,-0.4,-0.9,-0.6,-0.6,26.3,,6.7
="2018-05-10 01:00:00",40.3,-2.7,-0.3,-1.0,-0.7,-0.7,33.9,,17.5
="2018-05-11 01:00:00",57.3,-2.3,-0.4,-0.8,-0.5,-0.5,51.1,,32.2
="2018-05-12 01:00:00",62.8,-3.2,-0.5,-1.4,-0.8,-0.5,55.8,,32.6
="2018-05-13 01:00:00",60.3,-1.4,-0.3,-0.4,-0.3,-0.4,55.4,,40.1
="2018-05-14 01:00:00",37.4,0.1,0.1,-0.3,0.1,0.1,36.2,,12.3
="2018-05-15 01:00:00",61.0,-2.5,-0.5,-0.7,-0.7,-0.7,55.6,,34.0
="2018-05-16 01:00:00",44.0,-2.4,-0.4,-0.9,-0.6,-0.5,38.1,,20.6
="2018-05-17 01:00:00",30.7,-2.7,-0.5,-0.8,-0.6,-0.7,24.9,,9.8
="2018-05-18 01:00:00",39.9,-2.9,-0.3,-1.0,-0.8,-0.8,33.9,,17.6
="2018-05-19 01:00:00",28.6,-2.5,-0.5,-0.9,-0.6,-0.6,22.9,,9.3
="2018-05-20 01:00:00",34.1,-2.6,-0.6,-0.8,-0.6,-0.6,28.0,,14.6
="2018-05-21 01:00:00",42.9,-2.4,-0.3,-1.0,-0.6,-0.6,37.0,,24.7
="2018-05-22 01:00:00",50.3,-2.0,-0.4,-0.7,-0.5,-0.4,45.8,,25.4
="2018-05-23 01:00:00",60.7,-2.4,-0.3,-1.1,-0.7,-0.4,55.6,,36.2
="2018-05-24 01:00:00",25.3,-1.2,-0.3,-0.5,-0.1,-0.3,21.7,,8.2
="2018-05-25 01:00:00",55.3,-8.1,-1.8,-2.3,-2.0,-2.1,44.8,,28.1
="2018-05-26 01:00:00",47.0,-2.5,-0.6,-0.8,-0.6,-0.6,40.8,,21.3
="2018-05-27 01:00:00",50.9,-1.0,-0.2,-0.3,-0.2,-0.2,46.0,,29.5
="2018-05-28 01:00:00",43.4,-1.8,-0.3,-0.6,-0.5,-0.4,37.9,,18.8
="2018-05-29 01:00:00",44.5,-2.7,-0.4,-1.3,-0.5,-0.5,38.5,,20.9
="2018-05-30 01:00:00",49.4,-2.7,-0.3,-0.8,-0.8,-0.7,43.2,,25.6
="2018-05-31 01:00:00",51.9,-2.2,-0.5,-0.7,-0.5,-0.5,46.1,,27.1
="2018-06-01 01:00:00",28.5,-2.9,-0.4,-1.0,-0.8,-0.7,22.3,,1.0
="2018-06-02 01:00:00",33.2,-2.2,-0.4,-0.8,-0.5,-0.5,27.6,,15.2
="2018-06-03 01:00:00",17.0,-2.6,-0.4,-0.9,-0.6,-0.6,11.4,,-4.1
="2018-06-04 01:00:00",34.3,-2.8,-0.5,-1.2,-0.7,-0.5,27.9,,10.2
="2018-06-05 01:00:00",20.3,-2.3,-0.3,-0.8,-0.5,-0.7,15.0,,0.4
="2018-06-06 01:00:00",30.4,1.7,0.5,0.3,0.4,0.4,29.7,,15.6
="2018-06-07 01:00:00",20.1,-5.8,-1.1,-2.0,-1.3,-1.4,12.5,,-4.0
="2018-06-08 01:00:00",-0.0,10.5,2.9,2.2,2.9,2.5,7.4,,-9.5
="2018-06-09 01:00:00",0.0,0.0,0.0,0.0,0.0,0.0,0.0,,-18.0
="2018-06-10 01:00:00",0.0,0.0,0.0,0.0,0.0,0.0,0.0,,-18.0
="2018-06-11 01:00:00",37.5,-14.4,-3.6,-3.6,-3.7,-3.5,22.0,,3.7
="2018-06-12 01:00:00",25.2,-2.9,-0.4,-1.0,-1.0,-0.5,20.3,,2.5
="2018-06-13 01:00:00",20.4,-5.2,-0.6,-2.0,-1.9,-0.7,12.9,,-4.6
="2018-06-14 01:00:00",26.5,-3.8,-0.7,-1.3,-1.1,-0.7,20.3,,4.7
="2018-06-15 01:00:00",49.8,-3.3,-0.6,-1.1,-1.0,-0.7,43.7,,26.7
="2018-06-16 01:00:00",41.3,-2.9,-0.3,-1.3,-1.1,-0.3,36.2,,23.0
="2018-06-17 01:00:00",25.2,-1.6,-0.4,-0.4,-0.4,-0.4,22.3,,8.5
="2018-06-18 01:00:00",27.5,-2.8,-0.5,-1.0,-0.8,-0.6,23.2,,5.5
="2018-06-19 01:00:00",32.3,-1.8,-0.2,-0.6,-0.7,-0.3,29.0,,10.9
="2018-06-20 01:00:00",46.5,-2.4,-0.4,-0.8,-0.8,-0.4,42.4,,24.0
="2018-06-21 01:00:00",46.8,-4.9,-0.8,-1.6,-1.5,-0.9,39.4,,21.4
="2018-06-22 01:00:00",14.4,-4.3,-0.8,-1.4,-1.4,-0.8,7.2,,-10.4
="2018-06-23 01:00:00",35.6,-3.7,-0.7,-1.1,-1.1,-0.9,29.4,,16.3
="2018-06-24 01:00:00",42.6,-1.2,-0.0,-0.5,-0.5,-0.2,38.0,,19.7
="2018-06-25 01:00:00",58.6,-1.4,-0.3,-0.4,-0.4,-0.2,53.4,,33.4
="2018-06-26 01:00:00",54.4,-3.9,-0.6,-1.4,-1.3,-0.6,47.7,,29.2
="2018-06-27 01:00:00",46.6,-3.1,-0.6,-1.2,-0.9,-0.4,41.1,,25.1
="2018-06-28 01:00:00",17.8,-3.4,-0.3,-1.2,-1.2,-0.8,12.2,,-4.6
="2018-06-29 01:00:00",16.6,-3.5,-0.8,-1.0,-1.0,-0.8,10.7,,-4.3
="2018-06-30 01:00:00",14.6,-1.3,0.1,-0.7,-0.6,-0.1,10.8,,-0.3
="2018-07-01 01:00:00",38.3,-4.8,-0.8,-1.6,-1.5,-1.0,30.7,,19.9
="2018-07-02 01:00:00",50.2,-3.2,-0.6,-1.0,-1.0,-0.6,44.2,,30.8
="2018-07-03 01:00:00",50.8,-4.3,-0.7,-1.7,-1.2,-0.7,44.2,,29.8
="2018-07-04 01:00:00",30.3,-3.1,-0.4,-1.1,-1.1,-0.5,25.4,,7.4
="2018-07-05 01:00:00",25.2,-2.9,-0.5,-1.0,-1.0,-0.4,20.8,,1.9
="2018-07-06 01:00:00",33.4,-3.6,-0.6,-1.2,-1.1,-0.6,28.0,,9.7
="2018-07-07 01:00:00",30.8,-2.2,-0.4,-0.6,-0.6,-0.6,27.0,,10.3
="2018-07-08 01:00:00",44.2,-2.2,-0.3,-0.8,-0.7,-0.4,40.5,,28.8
="2018-07-09 01:00:00",28.2,-3.1,-0.5,-1.1,-1.0,-0.5,22.9,,8.8
="2018-07-10 01:00:00",23.1,-3.7,-0.6,-1.3,-1.3,-0.6,17.2,,2.8
="2018-07-11 01:00:00",39.9,-3.7,-0.6,-1.3,-1.1,-0.7,34.3,,11.3
="2018-07-12 01:00:00",34.4,-1.5,-0.3,-0.5,-0.4,-0.3,31.8,,15.5
="2018-07-13 01:00:00",33.4,-6.6,-1.1,-2.2,-2.0,-1.2,26.8,,10.4
="2018-07-14 01:00:00",30.4,-4.1,-0.7,-1.6,-1.1,-0.8,26.1,,11.4
="2018-07-15 01:00:00",18.9,-3.4,-0.6,-1.2,-1.0,-0.6,15.3,,2.8
="2018-07-16 01:00:00",28.2,-4.1,-0.9,-1.4,-1.1,-0.8,24.0,,5.6
="2018-07-17 01:00:00",37.2,-5.1,-0.8,-1.7,-1.4,-1.2,31.8,,15.8
="2018-07-18 01:00:00",35.1,-5.1,-1.1,-1.8,-1.2,-1.0,29.6,,14.6
="2018-07-19 01:00:00",36.6,-5.1,-0.9,-1.6,-1.5,-1.1,31.1,,14.5
="2018-07-20 01:00:00",48.5,-5.3,-1.1,-2.0,-1.4,-0.9,42.5,,26.7
="2018-07-21 01:00:00",37.3,1.2,0.6,0.0,0.3,0.3,37.9,,23.7
="2018-07-22 01:00:00",30.5,-6.5,-1.2,-2.1,-1.8,-1.4,23.9,,13.3
="2018-07-23 01:00:00",25.0,-7.6,-1.6,-2.4,-2.0,-1.6,17.4,,-0.3
="2018-07-24 01:00:00",24.2,-4.4,-0.7,-1.5,-1.2,-0.9,19.8,,2.7
="2018-07-25 01:00:00",9.6,-2.9,-0.5,-1.0,-0.8,-0.6,6.6,,-6.8
="2018-07-26 01:00:00",21.5,0.7,0.2,0.2,0.2,0.2,21.9,,3.1
="2018-07-27 01:00:00",24.9,-3.0,-0.4,-0.9,-1.1,-0.6,21.9,,4.6
="2018-07-28 01:00:00",18.5,-1.7,-0.5,-0.4,-0.3,-0.5,16.5,,4.6
="2018-07-29 01:00:00",0.0,5.4,1.5,1.2,1.2,1.5,5.2,,-5.7
="2018-07-30 01:00:00",18.6,-5.6,-1.4,-1.4,-1.4,-1.4,13.2,,-4.8
="2018-07-31 01:00:00",27.9,-6.6,-1.6,-1.7,-1.7,-1.6,21.6,,10.1
="2018-08-01 01:00:00",34.1,-3.8,-0.6,-1.0,-1.2,-1.0,30.6,,16.0
="2018-08-02 01:00:00",28.3,-5.2,-0.9,-1.4,-1.5,-1.3,23.3,,9.9
="2018-08-03 01:00:00",32.8,-5.3,-0.9,-1.5,-1.6,-1.3,27.6,,12.4
="2018-08-04 01:00:00",18.1,-2.5,-0.5,-0.7,-0.7,-0.7,15.5,,6.1
="2018-08-05 01:00:00",0.0,0.0,0.0,0.0,0.0,0.0,0.0,,-10.3
="2018-08-06 01:00:00",0.0,0.0,0.0,0.0,0.0,0.0,0.0,,-7.1
="2018-08-07 01:00:00",43.2,-2.6,-0.4,-0.8,-1.0,-0.4,39.2,,23.6
="2018-08-08 01:00:00",36.3,-2.2,-0.5,-0.7,-0.6,-0.4,32.8,,17.5
="2018-08-09 01:00:00",4.7,-3.1,0.2,-0.9,-1.2,-1.2,1.3,,-13.0
="2018-08-10 01:00:00",43.0,-2.9,-0.9,-0.8,-0.7,-0.4,38.3,,26.7
="2018-08-11 01:00:00",15.8,-2.3,-0.3,-0.8,-0.7,-0.5,10.7,,-2.2
="2018-08-12 01:00:00",22.7,-3.3,-0.5,-1.2,-1.0,-0.6,16.6,,6.1
="2018-08-13 01:00:00",38.9,-2.9,-0.5,-0.9,-0.8,-0.8,33.2,,18.8
="2018-08-14 01:00:00",20.7,-3.6,-0.7,-1.3,-0.9,-0.7,15.1,,0.1
="2018-08-15 01:00:00",29.4,-2.8,-0.4,-1.0,-0.9,-0.6,24.2,,10.9
="2018-08-16 01:00:00",40.6,-2.7,-0.4,-1.2,-0.7,-0.5,35.1,,21.0
="2018-08-17 01:00:00",45.6,-1.9,-0.3,-0.6,-0.6,-0.4,40.6,,26.1
="2018-08-18 01:00:00",27.5,0.0,0.0,0.0,0.0,-0.0,24.3,,14.2
="2018-08-19 01:00:00",22.1,-0.0,-0.0,0.0,0.0,0.0,19.5,,7.7
="2018-08-20 01:00:00",1.7,-0.0,-0.0,-0.0,-0.0,-0.0,1.6,,-14.2
="2018-08-21 01:00:00",0.0,0.0,0.0,0.0,0.0,0.0,0.0,,-11.8
="2018-08-22 01:00:00",0.0,0.0,0.0,0.0,0.0,0.0,0.0,,-13.7
="2018-08-23 01:00:00",0.0,0.0,0.0,0.0,0.0,0.0,0.0,,-9.2
="2018-08-24 01:00:00",0.0,0.0,0.0,0.0,0.0,0.0,0.0,,-10.2
="2018-08-25 01:00:00",0.0,0.0,0.0,0.0,0.0,0.0,0.0,,-8.9
="2018-08-26 01:00:00",0.0,0.0,0.0,0.0,0.0,0.0,0.0,,-7.4
="2018-08-27 01:00:00",0.0,0.0,0.0,0.0,0.0,0.0,0.0,,-9.5
="2018-08-28 01:00:00",0.0,0.0,0.0,0.0,0.0,0.0,0.0,,-10.7
="2018-08-29 01:00:00",16.0,-7.6,-1.1,-2.5,-2.2,-1.7,7.4,,-4.5
="2018-08-30 01:00:00",34.8,-2.6,-0.4,-0.9,-0.8,-0.5,29.3,,15.1
="2018-08-31 01:00:00",37.9,-2.9,-0.4,-1.0,-0.8,-0.6,32.1,,18.1
="2018-09-01 01:00:00",41.8,-3.0,-0.4,-1.1,-0.9,-0.6,35.6,,22.3
="2018-09-02 01:00:00",44.4,-2.8,-0.4,-1.0,-0.9,-0.6,38.5,,26.3
="2018-09-03 01:00:00",39.2,-3.0,-0.6,-1.0,-0.8,-0.6,33.1,,20.3
="2018-09-04 01:00:00",49.4,-3.2,-0.4,-1.1,-1.0,-0.7,43.0,,24.4
="2018-09-05 01:00:00",35.6,-2.0,-0.4,-0.6,-0.5,-0.4,31.7,,15.1
="2018-09-06 01:00:00",26.9,-1.9,-0.1,-0.8,-0.7,-0.3,23.5,,6.0
="2018-09-07 01:00:00",21.4,-2.5,-0.4,-0.9,-0.7,-0.5,16.0,,-4.5
="2018-09-08 01:00:00",21.7,-2.8,-0.3,-1.1,-0.8,-0.5,16.0,,0.4
="2018-09-09 01:00:00",6.4,-2.8,-0.4,-1.0,-0.8,-0.6,0.8,,-12.6
="2018-09-10 01:00:00",16.5,-3.2,-0.4,-1.2,-1.0,-0.6,10.6,,-8.7
="2018-09-11 01:00:00",17.6,-2.8,-0.5,-0.9,-0.7,-0.7,12.1,,-8.2
="2018-09-12 01:00:00",23.2,-3.2,-0.2,-1.2,-1.0,-0.7,17.3,,2.0
="2018-09-13 01:00:00",21.4,-3.0,-0.6,-0.9,-0.8,-0.6,15.8,,-4.4
="2018-09-14 01:00:00",19.1,-3.1,-0.4,-1.2,-0.9,-0.6,13.3,,-4.5
="2018-09-15 01:00:00",11.8,-3.0,-0.4,-1.1,-0.9,-0.6,5.9,,-12.8
="2018-09-16 01:00:00",15.0,-1.0,0.2,-0.6,-0.5,-0.2,11.5,,-3.8
="2018-09-17 01:00:00",30.2,-4.3,-0.6,-2.2,-0.9,-0.6,24.2,,5.9
="2018-09-18 01:00:00",42.9,-2.7,-0.5,-0.9,-0.8,-0.6,37.0,,19.4
="2018-09-19 01:00:00",40.7,-2.9,-0.4,-1.1,-0.9,-0.6,34.7,,14.1
="2018-09-20 01:00:00",3.1,-2.6,-0.4,-0.9,-0.8,-0.5,-2.2,,-23.5
="2018-09-21 01:00:00",6.0,-3.2,-0.4,-1.2,-1.0,-0.7,0.3,,-20.3
="2018-09-22 01:00:00",18.4,5.2,1.5,1.1,1.2,1.4,20.8,,4.8
="2018-09-23 01:00:00",12.1,-3.0,-0.6,-1.1,-0.6,-0.6,6.9,,-9.2
="2018-09-24 01:00:00",28.4,-11.7,-2.2,-3.5,-3.2,-2.8,14.3,,-5.4
="2018-09-25 01:00:00",41.1,-3.1,-0.5,-1.0,-0.9,-0.7,35.0,,12.5
="2018-09-26 01:00:00",35.7,-2.9,-0.4,-1.0,-0.9,-0.6,29.8,,7.6
="2018-09-27 01:00:00",37.3,-3.4,-0.5,-1.1,-1.0,-0.8,31.0,,10.8
="2018-09-28 01:00:00",36.8,-1.9,-0.3,-0.7,-0.6,-0.3,32.7,,12.0
="2018-09-29 01:00:00",0.0,0.0,0.0,0.0,0.0,0.0,0.0,,-10.2
="2018-09-30 01:00:00",0.0,0.0,0.0,0.0,0.0,0.0,0.0,,-15.2
="2018-10-01 01:00:00",5.2,-1.8,-0.2,-0.7,-0.6,-0.4,2.7,,-11.5
="2018-10-02 01:00:00",14.2,-6.1,-0.8,-2.8,-1.7,-0.9,5.5,,-17.7
="2018-10-03 01:00:00",16.8,-3.0,-0.3,-1.2,-0.9,-0.6,11.9,,-5.3
="2018-10-04 01:00:00",37.2,-3.6,-0.6,-1.3,-1.1,-0.6,31.5,,6.6
="2018-10-05 01:00:00",13.2,-3.6,-0.4,-1.5,-1.2,-0.5,7.7,,-10.8
="2018-10-06 01:00:00",31.7,-3.1,-0.6,-1.0,-0.9,-0.7,26.5,,14.6
="2018-10-07 01:00:00",4.5,-4.1,-0.2,-2.1,-1.2,-0.5,-1.6,,-14.8
="2018-10-08 01:00:00",2.9,-2.7,-0.5,-1.1,-0.8,-0.4,-1.9,,-13.1
="2018-10-09 01:00:00",34.2,-3.6,-0.5,-1.2,-1.0,-0.8,28.6,,6.8
="2018-10-10 01:00:00",24.4,-1.2,-0.3,-0.4,-0.3,-0.2,20.5,,2.2
="2018-10-11 01:00:00",29.7,0.0,0.0,0.0,0.0,0.0,26.2,,4.8
="2018-10-12 01:00:00",22.3,0.0,0.0,0.0,0.0,0.0,18.7,,-2.7
="2018-10-13 01:00:00",-0.0,0.0,0.0,0.0,0.0,0.0,-0.4,,-13.1
="2018-10-14 01:00:00",0.0,0.0,0.0,0.0,0.0,0.0,0.0,,-11.1
="2018-10-15 01:00:00",30.7,-3.1,-0.5,-1.1,-1.0,-0.5,26.5,,4.5
="2018-10-16 01:00:00",30.4,-4.0,-0.5,-1.7,-1.1,-0.7,24.4,,-0.9
="2018-10-17 01:00:00",28.5,-3.4,-0.4,-1.4,-1.0,-0.5,23.4,,5.3
="2018-10-18 01:00:00",23.8,-3.7,-0.6,-1.2,-1.1,-0.8,18.3,,-2.5
="2018-10-19 01:00:00",27.8,-4.3,-0.6,-1.7,-1.3,-0.7,21.8,,0.2
="2018-10-20 01:00:00",26.8,-3.2,-0.4,-1.2,-1.0,-0.6,21.8,,5.4
="2018-10-21 01:00:00",26.6,-3.7,-0.6,-1.3,-1.1,-0.7,21.1,,4.7
="2018-10-22 01:00:00",26.1,-3.5,-0.5,-1.3,-1.1,-0.7,20.9,,2.3
="2018-10-23 01:00:00",11.8,-3.8,-0.5,-1.7,-1.0,-0.6,6.3,,-21.1
="2018-10-24 01:00:00",14.6,-3.2,-0.6,-1.0,-0.9,-0.7,9.6,,-13.1
="2018-10-25 01:00:00",-0.1,-3.3,-0.5,-1.1,-1.0,-0.6,-5.4,,-27.0
="2018-10-26 01:00:00",15.7,-3.5,-0.5,-1.3,-1.1,-0.6,10.4,,-8.8
="2018-10-27 01:00:00",11.5,-3.4,-0.5,-1.3,-1.0,-0.6,6.2,,-9.5
="2018-10-28 01:00:00",8.9,-1.3,-0.2,-0.5,-0.3,-0.2,4.8,,-7.8
="2018-10-29 01:00:00",5.7,-2.3,-0.4,-0.9,-0.7,-0.3,1.1,,-18.9
="2018-10-30 01:00:00",3.1,-4.0,-0.7,-1.3,-1.1,-1.0,-2.9,,-27.5
="2018-10-31 01:00:00",-0.1,-4.2,-0.2,-2.5,-1.0,-0.5,-6.2,,-27.4
="2018-11-01 01:00:00",-0.1,-2.6,-0.5,-0.8,-0.8,-0.5,-4.8,,-26.5
="2018-11-02 01:00:00",20.9,-3.2,-0.6,-1.1,-0.9,-0.6,15.5,,-3.4
="2018-11-03 01:00:00",-0.1,-2.7,-0.4,-0.9,-0.9,-0.5,-4.8,,-16.1
="2018-11-04 01:00:00",20.2,-3.1,-0.5,-1.1,-1.0,-0.5,15.1,,1.0
="2018-11-05 00:00:00",10.1,-4.1,-0.6,-1.5,-1.3,-0.6,4.2,,-18.9
="2018-11-06 00:00:00",15.9,-4.0,-0.5,-1.6,-1.1,-0.8,10.1,,-14.7
="2018-11-07 00:00:00",22.2,-3.6,-0.5,-1.5,-1.0,-0.5,16.6,,-10.3
="2018-11-08 00:00:00",8.6,-4.6,-0.4,-2.5,-1.0,-0.7,2.0,,-20.2
="2018-11-09 00:00:00",-0.1,-2.9,-0.4,-1.2,-0.9,-0.5,-5.0,,-25.0
="2018-11-10 00:00:00",-0.0,-0.4,-0.1,-0.2,-0.1,0.0,-0.7,,-10.1
="2018-11-11 00:00:00",0.0,0.0,0.0,0.0,0.0,0.0,0.0,,-8.0
="2018-11-12 00:00:00",,,,,,,,,
="2018-11-13 00:00:00",13.2,-3.0,-0.2,-1.1,-0.9,-0.8,7.5,,-20.6
="2018-11-14 00:00:00",7.2,-1.8,-0.2,-0.8,-0.5,-0.2,2.4,,-21.0
="2018-11-15 00:00:00",-0.0,-3.8,-0.5,-1.4,-1.0,-0.9,-6.7,,-25.9
="2018-11-16 00:00:00",19.0,-3.2,-0.1,-1.9,-0.7,-0.4,12.6,,-9.7
="2018-11-17 00:00:00",19.4,-2.3,-0.2,-1.1,-0.6,-0.4,13.7,,-4.8
="2018-11-18 00:00:00",18.5,-2.0,0.1,-1.0,-0.6,-0.4,13.9,,-3.5
="2018-11-19 00:00:00",18.7,-2.4,-0.4,-1.1,-0.5,-0.3,14.4,,-7.8
="2018-11-20 00:00:00",2.8,-1.2,-0.0,-0.6,-0.4,-0.2,-0.4,,-23.9
="2018-11-21 00:00:00",0.8,-3.9,-0.4,-1.4,-1.2,-0.9,-5.2,,-27.6
="2018-11-22 00:00:00",-0.0,-3.2,-0.5,-1.0,-0.9,-0.8,-5.4,,-27.1
="2018-11-23 00:00:00",5.0,-2.6,-0.2,-0.9,-0.9,-0.6,0.6,,-14.9
="2018-11-24 00:00:00",0.0,0.0,0.0,0.0,0.0,0.0,0.0,,-13.8
="2018-11-25 00:00:00",0.0,0.0,0.0,0.0,0.0,0.0,0.0,,-11.6
="2018-11-26 00:00:00",0.0,0.0,0.0,0.0,0.0,0.0,0.0,,-19.2
="2018-11-27 00:00:00",2.4,-2.0,0.0,-1.0,-0.8,-0.2,-0.6,,-23.7
="2018-11-28 00:00:00",2.8,-2.0,0.0,-1.1,-0.9,0.0,-1.6,,-26.2
="2018-11-29 00:00:00",7.0,-2.1,0.0,-1.1,-1.0,0.0,2.4,,-19.7
="2018-11-30 00:00:00",-0.0,-2.0,0.0,-1.1,-0.9,0.0,-4.6,,-23.9
="2018-12-01 00:00:00",6.1,-2.0,0.0,-1.1,-0.9,0.0,1.7,,-12.9
="2018-12-02 00:00:00",-0.0,-0.2,0.0,-0.1,-0.1,0.0,-0.4,,-17.9
="2018-12-03 00:00:00",0.7,-1.4,0.0,-0.5,-0.5,-0.4,-0.7,,-19.9
="2018-12-04 00:00:00",2.2,-0.2,0.0,-0.2,0.0,-0.1,1.9,,-21.7
="2018-12-05 00:00:00",0.0,0.0,0.0,0.0,0.0,0.0,0.0,,-21.9
="2018-12-06 00:00:00",0.0,0.0,0.0,0.0,0.0,0.0,0.0,,-21.2
="2018-12-07 00:00:00",9.4,-1.4,0.0,-0.6,-0.3,-0.4,6.9,,-16.2
="2018-12-08 00:00:00",-0.0,-1.1,0.0,-0.4,-0.4,-0.3,-3.5,,-23.4
="2018-12-09 00:00:00",-0.0,1.5,0.0,0.5,0.5,0.5,-0.9,,-13.6
="2018-12-10 00:00:00",7.2,-9.9,0.0,-3.8,-3.1,-3.0,-4.6,,-26.3
="2018-12-11 00:00:00",-0.0,-2.4,0.0,-0.8,-0.8,-0.8,-4.8,,-26.9
="2018-12-12 00:00:00",-0.0,-2.8,0.0,-1.0,-0.9,-0.9,-5.2,,-29.3
="2018-12-13 00:00:00",-0.0,-2.6,0.0,-0.9,-0.9,-0.8,-5.1,,-28.9
="2018-12-14 00:00:00",-0.0,-2.4,0.0,-0.9,-0.7,-0.7,-4.7,,-21.9
="2018-12-15 00:00:00",5.9,-3.4,0.0,-1.3,-1.1,-1.0,0.3,,-15.9
="2018-12-16 00:00:00",-0.0,-1.4,0.0,-0.5,-0.5,-0.4,-4.3,,-19.0
="2018-12-17 00:00:00",-0.0,-3.2,-0.8,-1.5,-0.6,-0.3,-6.1,,-22.0
="2018-12-18 00:00:00",-0.0,-0.2,0.0,-0.1,-0.1,-0.1,-0.4,,-12.0
="2018-12-19 00:00:00",0.0,0.0,0.0,0.0,0.0,0.0,0.0,,-16.1
="2018-12-20 00:00:00",0.0,0.0,0.0,0.0,0.0,0.0,0.0,,-17.3
="2018-12-21 00:00:00",0.0,0.0,0.0,0.0,0.0,0.0,0.0,,-18.1
="2018-12-22 00:00:00",0.0,0.0,0.0,0.0,0.0,0.0,0.0,,-12.2
="2018-12-23 00:00:00",0.0,0.0,0.0,0.0,0.0,0.0,0.0,,-14.6
="2018-12-24 00:00:00",0.0,0.0,0.0,0.0,0.0,0.0,0.0,,-11.7
="2018-12-25 00:00:00",0.0,0.0,0.0,0.0,0.0,0.0,0.0,,-14.2
="2018-12-26 00:00:00",0.0,0.0,0.0,0.0,0.0,0.0,0.0,,-20.5
="2018-12-27 00:00:00",0.0,0.0,0.0,0.0,0.0,0.0,0.0,,-14.0
="2018-12-28 00:00:00",0.0,0.0,0.0,0.0,0.0,0.0,0.0,,-16.1
="2018-12-29 00:00:00",0.0,0.0,0.0,0.0,0.0,0.0,0.0,,-11.9
="2018-12-30 00:00:00",0.0,0.0,0.0,0.0,0.0,0.0,0.0,,-14.1
="2018-12-31 00:00:00",0.0,0.0,0.0,0.0,0.0,0.0,0.0,,-13.3
="2019-01-01 00:00:00",0.0,0.0,0.0,0.0,0.0,0.0,0.0,,-12.6
